report_period_start,report_period_end,interval_start,interval_end,node,namespace,pod,pod_usage_cpu_core_seconds,pod_request_cpu_core_seconds,pod_limit_cpu_core_seconds,pod_usage_memory_byte_seconds,pod_request_memory_byte_seconds,pod_limit_memory_byte_seconds,node_capacity_cpu_cores,node_capacity_cpu_core_seconds,node_capacity_memory_bytes,node_capacity_memory_byte_seconds,resource_id,pod_labels
2020-10-01 00:00:00 +0000 UTC,2020-11-01 00:00:00 +0000 UTC,2020-10-14 00:00:00 +0000 UTC,2020-10-14 00:59:59 +0000 UTC,ip-10-0-131-45.us-east-2.compute.internal,openshift-dns,dns-default-dmzkp,7.976225,396.000000,,288777093120.000000,264241152000.000000,1932735283200.000000,8.000000,28800.000000,33237319680.000000,119654350848000.000000,i-0cc922391a4a5eaa7,label_controller_revision_hash:95cc96b59|label_dns_operator_openshift_io_daemonset_dns:default|label_pod_template_generation:1
2020-10-01 00:00:00 +0000 UTC,2020-11-01 00:00:00 +0000 UTC,2020-10-14 00:00:00 +0000 UTC,2020-10-14 00:59:59 +0000 UTC,ip-10-0-184-8.us-east-2.compute.internal,openshift-kube-scheduler,revision-pruner-8-ip-10-0-184-8.us-east-2.compute.internal,,540.000000,540.000000,,360000000000.000000,360000000000.000000,4.000000,14400.000000,16326778880.000000,58776403968000.000000,i-0c65e015390b20c42,label_app:pruner
2020-10-01 00:00:00 +0000 UTC,2020-11-01 00:00:00 +0000 UTC,2020-10-14 00:00:00 +0000 UTC,2020-10-14 00:59:59 +0000 UTC,ip-10-0-147-111.us-east-2.compute.internal,openshift-kube-scheduler,revision-pruner-10-ip-10-0-147-111.us-east-2.compute.internal,,540.000000,540.000000,,360000000000.000000,360000000000.000000,4.000000,14400.000000,16502939648.000000,59410582732800.000000,i-0dd2eab633b37c882,label_app:pruner
2020-10-01 00:00:00 +0000 UTC,2020-11-01 00:00:00 +0000 UTC,2020-10-14 00:00:00 +0000 UTC,2020-10-14 00:59:59 +0000 UTC,ip-10-0-219-114.us-east-2.compute.internal,openshift-kube-apiserver,installer-7-ip-10-0-219-114.us-east-2.compute.internal,,540.000000,540.000000,,360000000000.000000,360000000000.000000,4.000000,14400.000000,16502939648.000000,59410582732800.000000,i-021cff580ef932a9e,label_app:installer
2020-10-01 00:00:00 +0000 UTC,2020-11-01 00:00:00 +0000 UTC,2020-10-14 00:00:00 +0000 UTC,2020-10-14 00:59:59 +0000 UTC,ip-10-0-184-8.us-east-2.compute.internal,openshift-kube-apiserver,revision-pruner-7-ip-10-0-184-8.us-east-2.compute.internal,,540.000000,540.000000,,360000000000.000000,360000000000.000000,4.000000,14400.000000,16326778880.000000,58776403968000.000000,i-0c65e015390b20c42,label_app:pruner
2020-10-01 00:00:00 +0000 UTC,2020-11-01 00:00:00 +0000 UTC,2020-10-14 00:00:00 +0000 UTC,2020-10-14 00:59:59 +0000 UTC,ip-10-0-219-114.us-east-2.compute.internal,openshift-machine-config-operator,etcd-quorum-guard-97cd4c8bd-dksw5,16.966163,36.000000,,32774799360.000000,18874368000.000000,,4.000000,14400.000000,16502939648.000000,59410582732800.000000,i-021cff580ef932a9e,label_k8s_app:etcd-quorum-guard|label_name:etcd-quorum-guard|label_pod_template_hash:97cd4c8bd
2020-10-01 00:00:00 +0000 UTC,2020-11-01 00:00:00 +0000 UTC,2020-10-14 00:00:00 +0000 UTC,2020-10-14 00:59:59 +0000 UTC,ip-10-0-184-8.us-east-2.compute.internal,openshift-machine-config-operator,machine-config-server-fxpxx,26.067877,72.000000,,114566430720.000000,188743680000.000000,,4.000000,14400.000000,16326778880.000000,58776403968000.000000,i-0c65e015390b20c42,label_controller_revision_hash:6c8568b9d|label_k8s_app:machine-config-server|label_pod_template_generation:2
2020-10-01 00:00:00 +0000 UTC,2020-11-01 00:00:00 +0000 UTC,2020-10-14 00:00:00 +0000 UTC,2020-10-14 00:59:59 +0000 UTC,ip-10-0-131-45.us-east-2.compute.internal,openshift-cost,korekuta-operator-go-controller-manager-57fc68b47-4ctb9,0.003438,0.100000,0.500000,295936000.000000,20971520.000000,524288000.000000,8.000000,28800.000000,33237319680.000000,119654350848000.000000,i-0cc922391a4a5eaa7,label_control_plane:controller-manager|label_pod_template_hash:57fc68b47
2020-10-01 00:00:00 +0000 UTC,2020-11-01 00:00:00 +0000 UTC,2020-10-14 00:00:00 +0000 UTC,2020-10-14 00:59:59 +0000 UTC,ip-10-0-147-111.us-east-2.compute.internal,openshift-kube-apiserver,installer-7-ip-10-0-147-111.us-east-2.compute.internal,,540.000000,540.000000,,360000000000.000000,360000000000.000000,4.000000,14400.000000,16502939648.000000,59410582732800.000000,i-0dd2eab633b37c882,label_app:installer
2020-10-01 00:00:00 +0000 UTC,2020-11-01 00:00:00 +0000 UTC,2020-10-14 00:00:00 +0000 UTC,2020-10-14 00:59:59 +0000 UTC,ip-10-0-179-157.us-east-2.compute.internal,openshift-metering,presto-coordinator-0,448.852724,7200.000000,14400.000000,10486626877440.000000,7730941132800.000000,15461882265600.000000,8.000000,28800.000000,33237319680.000000,119654350848000.000000,i-0767cb7e2f9967573,label_app:presto|label_controller_revision_hash:presto-coordinator-776c7645c8|label_presto:coordinator|label_statefulset_kubernetes_io_pod_name:presto-coordinator-0
2020-10-01 00:00:00 +0000 UTC,2020-11-01 00:00:00 +0000 UTC,2020-10-14 00:00:00 +0000 UTC,2020-10-14 00:59:59 +0000 UTC,ip-10-0-147-111.us-east-2.compute.internal,openshift-kube-apiserver,revision-pruner-6-ip-10-0-147-111.us-east-2.compute.internal,,540.000000,540.000000,,360000000000.000000,360000000000.000000,4.000000,14400.000000,16502939648.000000,59410582732800.000000,i-0dd2eab633b37c882,label_app:pruner
2020-10-01 00:00:00 +0000 UTC,2020-11-01 00:00:00 +0000 UTC,2020-10-14 00:00:00 +0000 UTC,2020-10-14 00:59:59 +0000 UTC,ip-10-0-219-114.us-east-2.compute.internal,openshift-multus,multus-j78mh,4.527120,36.000000,,13532528640.000000,566231040000.000000,,4.000000,14400.000000,16502939648.000000,59410582732800.000000,i-021cff580ef932a9e,label_app:multus|label_component:network|label_controller_revision_hash:55fc749f48|label_openshift_io_component:network|label_pod_template_generation:1|label_type:infra
2020-10-01 00:00:00 +0000 UTC,2020-11-01 00:00:00 +0000 UTC,2020-10-14 00:00:00 +0000 UTC,2020-10-14 00:59:59 +0000 UTC,ip-10-0-219-114.us-east-2.compute.internal,openshift-sdn,sdn-wmccl,27.707057,360.000000,,368097853440.000000,754974720000.000000,,4.000000,14400.000000,16502939648.000000,59410582732800.000000,i-021cff580ef932a9e,label_app:sdn|label_component:network|label_controller_revision_hash:595c645574|label_openshift_io_component:network|label_pod_template_generation:1|label_type:infra
2020-10-01 00:00:00 +0000 UTC,2020-11-01 00:00:00 +0000 UTC,2020-10-14 00:00:00 +0000 UTC,2020-10-14 00:59:59 +0000 UTC,ip-10-0-147-111.us-east-2.compute.internal,openshift-kube-apiserver,kube-apiserver-ip-10-0-147-111.us-east-2.compute.internal,483.595714,1188.000000,,10781953720320.000000,4431701606400.000000,,4.000000,14400.000000,16502939648.000000,59410582732800.000000,i-0dd2eab633b37c882,label_apiserver:true|label_app:openshift-kube-apiserver|label_revision:9
2020-10-01 00:00:00 +0000 UTC,2020-11-01 00:00:00 +0000 UTC,2020-10-14 00:00:00 +0000 UTC,2020-10-14 00:59:59 +0000 UTC,ip-10-0-179-157.us-east-2.compute.internal,openshift-cluster-storage-operator,csi-snapshot-controller-6578b7bdf7-twbtr,1.970393,36.000000,,64239943680.000000,188743680000.000000,,8.000000,28800.000000,33237319680.000000,119654350848000.000000,i-0767cb7e2f9967573,label_app:csi-snapshot-controller|label_pod_template_hash:6578b7bdf7
2020-10-01 00:00:00 +0000 UTC,2020-11-01 00:00:00 +0000 UTC,2020-10-14 00:00:00 +0000 UTC,2020-10-14 00:59:59 +0000 UTC,ip-10-0-219-114.us-east-2.compute.internal,openshift-monitoring,thanos-querier-659477c4f4-6frlk,17.339828,28.800000,,623073116160.000000,271790899200.000000,,4.000000,14400.000000,16502939648.000000,59410582732800.000000,i-021cff580ef932a9e,label_app_kubernetes_io_name:thanos-querier|label_pod_template_hash:659477c4f4
2020-10-01 00:00:00 +0000 UTC,2020-11-01 00:00:00 +0000 UTC,2020-10-14 00:00:00 +0000 UTC,2020-10-14 00:59:59 +0000 UTC,ip-10-0-219-114.us-east-2.compute.internal,openshift-service-catalog-apiserver-operator,openshift-service-catalog-apiserver-operator-b97df8c5c-lc7r4,7.537498,,,325358960640.000000,188743680000.000000,,4.000000,14400.000000,16502939648.000000,59410582732800.000000,i-021cff580ef932a9e,label_app:openshift-service-catalog-apiserver-operator|label_pod_template_hash:b97df8c5c
2020-10-01 00:00:00 +0000 UTC,2020-11-01 00:00:00 +0000 UTC,2020-10-14 00:00:00 +0000 UTC,2020-10-14 00:59:59 +0000 UTC,ip-10-0-179-157.us-east-2.compute.internal,openshift-marketplace,certified-operators-8646997d74-9nkg6,35.010108,36.000000,,1102383022080.000000,377487360000.000000,,8.000000,28800.000000,33237319680.000000,119654350848000.000000,i-0767cb7e2f9967573,label_marketplace_operatorSource:certified-operators|label_pod_template_hash:8646997d74
2020-10-01 00:00:00 +0000 UTC,2020-11-01 00:00:00 +0000 UTC,2020-10-14 00:00:00 +0000 UTC,2020-10-14 00:59:59 +0000 UTC,ip-10-0-131-45.us-east-2.compute.internal,openshift-monitoring,prometheus-k8s-0,428.685120,273.600000,,12326000148480.000000,4469450342400.000000,,8.000000,28800.000000,33237319680.000000,119654350848000.000000,i-0cc922391a4a5eaa7,label_app:prometheus|label_controller_revision_hash:prometheus-k8s-b8948fdbf|label_prometheus:k8s|label_statefulset_kubernetes_io_pod_name:prometheus-k8s-0
2020-10-01 00:00:00 +0000 UTC,2020-11-01 00:00:00 +0000 UTC,2020-10-14 00:00:00 +0000 UTC,2020-10-14 00:59:59 +0000 UTC,ip-10-0-219-114.us-east-2.compute.internal,openshift-controller-manager,controller-manager-n6j2z,1.217343,360.000000,,302983495680.000000,377487360000.000000,,4.000000,14400.000000,16502939648.000000,59410582732800.000000,i-021cff580ef932a9e,label_app:openshift-controller-manager|label_controller_manager:true|label_controller_revision_hash:7f6999c885|label_pod_template_generation:16
2020-10-01 00:00:00 +0000 UTC,2020-11-01 00:00:00 +0000 UTC,2020-10-14 00:00:00 +0000 UTC,2020-10-14 00:59:59 +0000 UTC,ip-10-0-147-111.us-east-2.compute.internal,openshift-machine-api,cluster-autoscaler-operator-5698bcd47c-bt7c2,2.417410,108.000000,,283439677440.000000,264241152000.000000,,4.000000,14400.000000,16502939648.000000,59410582732800.000000,i-0dd2eab633b37c882,label_k8s_app:cluster-autoscaler-operator|label_pod_template_hash:5698bcd47c
2020-10-01 00:00:00 +0000 UTC,2020-11-01 00:00:00 +0000 UTC,2020-10-14 00:00:00 +0000 UTC,2020-10-14 00:59:59 +0000 UTC,ip-10-0-179-157.us-east-2.compute.internal,openshift-sdn,sdn-pt67c,24.240552,360.000000,,415681413120.000000,754974720000.000000,,8.000000,28800.000000,33237319680.000000,119654350848000.000000,i-0767cb7e2f9967573,label_app:sdn|label_component:network|label_controller_revision_hash:595c645574|label_openshift_io_component:network|label_pod_template_generation:1|label_type:infra
2020-10-01 00:00:00 +0000 UTC,2020-11-01 00:00:00 +0000 UTC,2020-10-14 00:00:00 +0000 UTC,2020-10-14 00:59:59 +0000 UTC,ip-10-0-184-8.us-east-2.compute.internal,openshift-kube-apiserver,installer-7-ip-10-0-184-8.us-east-2.compute.internal,,540.000000,540.000000,,360000000000.000000,360000000000.000000,4.000000,14400.000000,16326778880.000000,58776403968000.000000,i-0c65e015390b20c42,label_app:installer
2020-10-01 00:00:00 +0000 UTC,2020-11-01 00:00:00 +0000 UTC,2020-10-14 00:00:00 +0000 UTC,2020-10-14 00:59:59 +0000 UTC,ip-10-0-219-114.us-east-2.compute.internal,openshift-dns,dns-default-w7tsn,8.147103,396.000000,,299871928320.000000,264241152000.000000,1932735283200.000000,4.000000,14400.000000,16502939648.000000,59410582732800.000000,i-021cff580ef932a9e,label_controller_revision_hash:95cc96b59|label_dns_operator_openshift_io_daemonset_dns:default|label_pod_template_generation:1
2020-10-01 00:00:00 +0000 UTC,2020-11-01 00:00:00 +0000 UTC,2020-10-14 00:00:00 +0000 UTC,2020-10-14 00:59:59 +0000 UTC,ip-10-0-147-111.us-east-2.compute.internal,openshift-kube-apiserver,revision-pruner-7-ip-10-0-147-111.us-east-2.compute.internal,,540.000000,540.000000,,360000000000.000000,360000000000.000000,4.000000,14400.000000,16502939648.000000,59410582732800.000000,i-0dd2eab633b37c882,label_app:pruner
2020-10-01 00:00:00 +0000 UTC,2020-11-01 00:00:00 +0000 UTC,2020-10-14 00:00:00 +0000 UTC,2020-10-14 00:59:59 +0000 UTC,ip-10-0-131-45.us-east-2.compute.internal,openshift-ingress,router-default-785b484cd7-wdc8r,9.352360,360.000000,,344898109440.000000,966367641600.000000,,8.000000,28800.000000,33237319680.000000,119654350848000.000000,i-0cc922391a4a5eaa7,label_ingresscontroller_operator_openshift_io_deployment_ingresscontroller:default|label_ingresscontroller_operator_openshift_io_hash:5759c6fd54|label_pod_template_hash:785b484cd7
2020-10-01 00:00:00 +0000 UTC,2020-11-01 00:00:00 +0000 UTC,2020-10-14 00:00:00 +0000 UTC,2020-10-14 00:59:59 +0000 UTC,ip-10-0-147-111.us-east-2.compute.internal,openshift-monitoring,cluster-monitoring-operator-74c77856b5-xmczd,65.852333,36.000000,,290710732800.000000,188743680000.000000,,4.000000,14400.000000,16502939648.000000,59410582732800.000000,i-0dd2eab633b37c882,label_app:cluster-monitoring-operator|label_pod_template_hash:74c77856b5
2020-10-01 00:00:00 +0000 UTC,2020-11-01 00:00:00 +0000 UTC,2020-10-14 00:00:00 +0000 UTC,2020-10-14 00:59:59 +0000 UTC,ip-10-0-184-8.us-east-2.compute.internal,openshift-dns,dns-default-2fjh9,7.424870,396.000000,,241675223040.000000,264241152000.000000,1932735283200.000000,4.000000,14400.000000,16326778880.000000,58776403968000.000000,i-0c65e015390b20c42,label_controller_revision_hash:95cc96b59|label_dns_operator_openshift_io_daemonset_dns:default|label_pod_template_generation:1
2020-10-01 00:00:00 +0000 UTC,2020-11-01 00:00:00 +0000 UTC,2020-10-14 00:00:00 +0000 UTC,2020-10-14 00:59:59 +0000 UTC,ip-10-0-179-157.us-east-2.compute.internal,openshift-sdn,ovs-lxpk2,61.084293,360.000000,,480633323520.000000,1509949440000.000000,,8.000000,28800.000000,33237319680.000000,119654350848000.000000,i-0767cb7e2f9967573,label_app:ovs|label_component:network|label_controller_revision_hash:78749b5864|label_openshift_io_component:network|label_pod_template_generation:1|label_type:infra
2020-10-01 00:00:00 +0000 UTC,2020-11-01 00:00:00 +0000 UTC,2020-10-14 00:00:00 +0000 UTC,2020-10-14 00:59:59 +0000 UTC,ip-10-0-131-45.us-east-2.compute.internal,openshift-machine-config-operator,machine-config-daemon-xfgdg,3.423976,144.000000,,1199488942080.000000,377487360000.000000,,8.000000,28800.000000,33237319680.000000,119654350848000.000000,i-0cc922391a4a5eaa7,label_controller_revision_hash:545894cd9f|label_k8s_app:machine-config-daemon|label_pod_template_generation:2
2020-10-01 00:00:00 +0000 UTC,2020-11-01 00:00:00 +0000 UTC,2020-10-14 00:00:00 +0000 UTC,2020-10-14 00:59:59 +0000 UTC,ip-10-0-219-114.us-east-2.compute.internal,openshift-console-operator,console-operator-84b95c8888-kxzm4,12.916763,36.000000,,376861900800.000000,377487360000.000000,,4.000000,14400.000000,16502939648.000000,59410582732800.000000,i-021cff580ef932a9e,label_name:console-operator|label_pod_template_hash:84b95c8888
2020-10-01 00:00:00 +0000 UTC,2020-11-01 00:00:00 +0000 UTC,2020-10-14 00:00:00 +0000 UTC,2020-10-14 00:59:59 +0000 UTC,ip-10-0-131-45.us-east-2.compute.internal,openshift-monitoring,thanos-querier-659477c4f4-9bmfw,16.997142,28.800000,,633476136960.000000,271790899200.000000,,8.000000,28800.000000,33237319680.000000,119654350848000.000000,i-0cc922391a4a5eaa7,label_app_kubernetes_io_name:thanos-querier|label_pod_template_hash:659477c4f4
2020-10-01 00:00:00 +0000 UTC,2020-11-01 00:00:00 +0000 UTC,2020-10-14 00:00:00 +0000 UTC,2020-10-14 00:59:59 +0000 UTC,ip-10-0-184-8.us-east-2.compute.internal,openshift-kube-controller-manager,kube-controller-manager-ip-10-0-184-8.us-east-2.compute.internal,15.453744,360.000000,,906678927360.000000,1887436800000.000000,,4.000000,14400.000000,16326778880.000000,58776403968000.000000,i-0c65e015390b20c42,label_app:kube-controller-manager|label_kube_controller_manager:true|label_revision:10
2020-10-01 00:00:00 +0000 UTC,2020-11-01 00:00:00 +0000 UTC,2020-10-14 00:00:00 +0000 UTC,2020-10-14 00:59:59 +0000 UTC,ip-10-0-147-111.us-east-2.compute.internal,openshift-operator-lifecycle-manager,catalog-operator-55f6765f6c-nh8ff,12.395422,36.000000,,537875251200.000000,301989888000.000000,,4.000000,14400.000000,16502939648.000000,59410582732800.000000,i-0dd2eab633b37c882,label_app:catalog-operator|label_pod_template_hash:55f6765f6c
2020-10-01 00:00:00 +0000 UTC,2020-11-01 00:00:00 +0000 UTC,2020-10-14 00:00:00 +0000 UTC,2020-10-14 00:59:59 +0000 UTC,ip-10-0-147-111.us-east-2.compute.internal,openshift-multus,multus-admission-controller-25vpc,2.148571,72.000000,,251709358080.000000,75497472000.000000,,4.000000,14400.000000,16502939648.000000,59410582732800.000000,i-0dd2eab633b37c882,label_app:multus-admission-controller|label_component:network|label_controller_revision_hash:7b7b7f6987|label_namespace:openshift-multus|label_openshift_io_component:network|label_pod_template_generation:1|label_type:infra
2020-10-01 00:00:00 +0000 UTC,2020-11-01 00:00:00 +0000 UTC,2020-10-14 00:00:00 +0000 UTC,2020-10-14 00:59:59 +0000 UTC,ip-10-0-131-45.us-east-2.compute.internal,openshift-monitoring,node-exporter-rmrwb,35.433551,32.400000,,244238499840.000000,792723456000.000000,,8.000000,28800.000000,33237319680.000000,119654350848000.000000,i-0cc922391a4a5eaa7,label_app:node-exporter|label_controller_revision_hash:664bff5786|label_pod_template_generation:1
2020-10-01 00:00:00 +0000 UTC,2020-11-01 00:00:00 +0000 UTC,2020-10-14 00:00:00 +0000 UTC,2020-10-14 00:59:59 +0000 UTC,ip-10-0-219-114.us-east-2.compute.internal,openshift-kube-scheduler,openshift-kube-scheduler-ip-10-0-219-114.us-east-2.compute.internal,13.602822,72.000000,,514067988480.000000,377487360000.000000,,4.000000,14400.000000,16502939648.000000,59410582732800.000000,i-021cff580ef932a9e,label_app:openshift-kube-scheduler|label_revision:10|label_scheduler:true
2020-10-01 00:00:00 +0000 UTC,2020-11-01 00:00:00 +0000 UTC,2020-10-14 00:00:00 +0000 UTC,2020-10-14 00:59:59 +0000 UTC,ip-10-0-219-114.us-east-2.compute.internal,openshift-apiserver,apiserver-64775f7c48-jrzcf,36.746523,360.000000,,1115232583680.000000,754974720000.000000,,4.000000,14400.000000,16502939648.000000,59410582732800.000000,i-021cff580ef932a9e,label_apiserver:true|label_app:openshift-apiserver-a|label_pod_template_hash:64775f7c48|label_revision:0
2020-10-01 00:00:00 +0000 UTC,2020-11-01 00:00:00 +0000 UTC,2020-10-14 00:00:00 +0000 UTC,2020-10-14 00:59:59 +0000 UTC,ip-10-0-147-111.us-east-2.compute.internal,openshift-etcd-operator,etcd-operator-685dd99d46-tq2c2,53.735135,36.000000,,576033669120.000000,188743680000.000000,,4.000000,14400.000000,16502939648.000000,59410582732800.000000,i-0dd2eab633b37c882,label_app:etcd-operator|label_pod_template_hash:685dd99d46
2020-10-01 00:00:00 +0000 UTC,2020-11-01 00:00:00 +0000 UTC,2020-10-14 00:00:00 +0000 UTC,2020-10-14 00:59:59 +0000 UTC,ip-10-0-179-157.us-east-2.compute.internal,openshift-dns,dns-default-697rq,7.111942,396.000000,,288417054720.000000,264241152000.000000,1932735283200.000000,8.000000,28800.000000,33237319680.000000,119654350848000.000000,i-0767cb7e2f9967573,label_controller_revision_hash:95cc96b59|label_dns_operator_openshift_io_daemonset_dns:default|label_pod_template_generation:1
2020-10-01 00:00:00 +0000 UTC,2020-11-01 00:00:00 +0000 UTC,2020-10-14 00:00:00 +0000 UTC,2020-10-14 00:59:59 +0000 UTC,ip-10-0-147-111.us-east-2.compute.internal,openshift-etcd,etcd-ip-10-0-147-111.us-east-2.compute.internal,704.877065,1656.000000,,3262847385600.000000,3472883712000.000000,,4.000000,14400.000000,16502939648.000000,59410582732800.000000,i-0dd2eab633b37c882,label_app:etcd|label_etcd:true|label_k8s_app:etcd|label_revision:2
2020-10-01 00:00:00 +0000 UTC,2020-11-01 00:00:00 +0000 UTC,2020-10-14 00:00:00 +0000 UTC,2020-10-14 00:59:59 +0000 UTC,ip-10-0-219-114.us-east-2.compute.internal,openshift-kube-scheduler,installer-10-ip-10-0-219-114.us-east-2.compute.internal,,540.000000,540.000000,,360000000000.000000,360000000000.000000,4.000000,14400.000000,16502939648.000000,59410582732800.000000,i-021cff580ef932a9e,label_app:installer
2020-10-01 00:00:00 +0000 UTC,2020-11-01 00:00:00 +0000 UTC,2020-10-14 00:00:00 +0000 UTC,2020-10-14 00:59:59 +0000 UTC,ip-10-0-147-111.us-east-2.compute.internal,openshift-monitoring,prometheus-operator-5d4cf4d7f5-h8jr9,10.328730,18.000000,,269448806400.000000,226492416000.000000,,4.000000,14400.000000,16502939648.000000,59410582732800.000000,i-0dd2eab633b37c882,label_app_kubernetes_io_component:controller|label_app_kubernetes_io_name:prometheus-operator|label_app_kubernetes_io_version:v0.35.1|label_pod_template_hash:5d4cf4d7f5
2020-10-01 00:00:00 +0000 UTC,2020-11-01 00:00:00 +0000 UTC,2020-10-14 00:00:00 +0000 UTC,2020-10-14 00:59:59 +0000 UTC,ip-10-0-131-45.us-east-2.compute.internal,openshift-cost,korekuta-operator-go-controller-manager-6df967774f-hq5cq,0.437742,14.400000,72.000000,27246919680.000000,3019898880.000000,75497472000.000000,8.000000,28800.000000,33237319680.000000,119654350848000.000000,i-0cc922391a4a5eaa7,
2020-10-01 00:00:00 +0000 UTC,2020-11-01 00:00:00 +0000 UTC,2020-10-14 00:00:00 +0000 UTC,2020-10-14 00:59:59 +0000 UTC,ip-10-0-184-8.us-east-2.compute.internal,openshift-etcd,etcd-ip-10-0-184-8.us-east-2.compute.internal,624.074028,1656.000000,,3226249297920.000000,3472883712000.000000,,4.000000,14400.000000,16326778880.000000,58776403968000.000000,i-0c65e015390b20c42,label_app:etcd|label_etcd:true|label_k8s_app:etcd|label_revision:2
2020-10-01 00:00:00 +0000 UTC,2020-11-01 00:00:00 +0000 UTC,2020-10-14 00:00:00 +0000 UTC,2020-10-14 00:59:59 +0000 UTC,ip-10-0-179-157.us-east-2.compute.internal,openshift-monitoring,prometheus-adapter-7b9fb465c5-d2fkj,2.135851,3.600000,,213952020480.000000,75497472000.000000,,8.000000,28800.000000,33237319680.000000,119654350848000.000000,i-0767cb7e2f9967573,label_name:prometheus-adapter|label_pod_template_hash:7b9fb465c5
2020-10-01 00:00:00 +0000 UTC,2020-11-01 00:00:00 +0000 UTC,2020-10-14 00:00:00 +0000 UTC,2020-10-14 00:59:59 +0000 UTC,ip-10-0-131-45.us-east-2.compute.internal,openshift-cluster-node-tuning-operator,tuned-h5tq8,0.770918,36.000000,,287907840000.000000,188743680000.000000,,8.000000,28800.000000,33237319680.000000,119654350848000.000000,i-0cc922391a4a5eaa7,label_controller_revision_hash:b66dccb99|label_openshift_app:tuned|label_pod_template_generation:2
2020-10-01 00:00:00 +0000 UTC,2020-11-01 00:00:00 +0000 UTC,2020-10-14 00:00:00 +0000 UTC,2020-10-14 00:59:59 +0000 UTC,ip-10-0-184-8.us-east-2.compute.internal,openshift-controller-manager,controller-manager-5vjz5,18.453133,360.000000,,546078474240.000000,377487360000.000000,,4.000000,14400.000000,16326778880.000000,58776403968000.000000,i-0c65e015390b20c42,label_app:openshift-controller-manager|label_controller_manager:true|label_controller_revision_hash:7f6999c885|label_pod_template_generation:16
2020-10-01 00:00:00 +0000 UTC,2020-11-01 00:00:00 +0000 UTC,2020-10-14 00:00:00 +0000 UTC,2020-10-14 00:59:59 +0000 UTC,ip-10-0-179-157.us-east-2.compute.internal,openshift-marketplace,community-operators-58b6bc85d6-65b28,41.786341,36.000000,,1987710320640.000000,377487360000.000000,,8.000000,28800.000000,33237319680.000000,119654350848000.000000,i-0767cb7e2f9967573,label_marketplace_operatorSource:community-operators|label_pod_template_hash:58b6bc85d6
2020-10-01 00:00:00 +0000 UTC,2020-11-01 00:00:00 +0000 UTC,2020-10-14 00:00:00 +0000 UTC,2020-10-14 00:59:59 +0000 UTC,ip-10-0-219-114.us-east-2.compute.internal,openshift-sdn,ovs-qm2pn,68.510340,360.000000,,337913118720.000000,1509949440000.000000,,4.000000,14400.000000,16502939648.000000,59410582732800.000000,i-021cff580ef932a9e,label_app:ovs|label_component:network|label_controller_revision_hash:78749b5864|label_openshift_io_component:network|label_pod_template_generation:1|label_type:infra
2020-10-01 00:00:00 +0000 UTC,2020-11-01 00:00:00 +0000 UTC,2020-10-14 00:00:00 +0000 UTC,2020-10-14 00:59:59 +0000 UTC,ip-10-0-184-8.us-east-2.compute.internal,openshift-apiserver,apiserver-64775f7c48-t9lnk,34.866930,360.000000,,1061254594560.000000,754974720000.000000,,4.000000,14400.000000,16326778880.000000,58776403968000.000000,i-0c65e015390b20c42,label_apiserver:true|label_app:openshift-apiserver-a|label_pod_template_hash:64775f7c48|label_revision:0
2020-10-01 00:00:00 +0000 UTC,2020-11-01 00:00:00 +0000 UTC,2020-10-14 00:00:00 +0000 UTC,2020-10-14 00:59:59 +0000 UTC,ip-10-0-131-45.us-east-2.compute.internal,openshift-metering,hive-metastore-0,113.088201,1800.000000,14400.000000,2241540587520.000000,2453667840000.000000,7730941132800.000000,8.000000,28800.000000,33237319680.000000,119654350848000.000000,i-0cc922391a4a5eaa7,label_app:hive|label_controller_revision_hash:hive-metastore-6c6c745f76|label_hive:metastore|label_statefulset_kubernetes_io_pod_name:hive-metastore-0
2020-10-01 00:00:00 +0000 UTC,2020-11-01 00:00:00 +0000 UTC,2020-10-14 00:00:00 +0000 UTC,2020-10-14 00:59:59 +0000 UTC,ip-10-0-219-114.us-east-2.compute.internal,openshift-kube-scheduler,revision-pruner-10-ip-10-0-219-114.us-east-2.compute.internal,,540.000000,540.000000,,360000000000.000000,360000000000.000000,4.000000,14400.000000,16502939648.000000,59410582732800.000000,i-021cff580ef932a9e,label_app:pruner
2020-10-01 00:00:00 +0000 UTC,2020-11-01 00:00:00 +0000 UTC,2020-10-14 00:00:00 +0000 UTC,2020-10-14 00:59:59 +0000 UTC,ip-10-0-219-114.us-east-2.compute.internal,openshift-service-ca,service-ca-7c89b6dd78-79zsr,10.107414,36.000000,,377107906560.000000,452984832000.000000,,4.000000,14400.000000,16502939648.000000,59410582732800.000000,i-021cff580ef932a9e,label_app:service-ca|label_pod_template_hash:7c89b6dd78|label_service_ca:true
2020-10-01 00:00:00 +0000 UTC,2020-11-01 00:00:00 +0000 UTC,2020-10-14 00:00:00 +0000 UTC,2020-10-14 00:59:59 +0000 UTC,ip-10-0-219-114.us-east-2.compute.internal,openshift-kube-scheduler,revision-pruner-9-ip-10-0-219-114.us-east-2.compute.internal,,540.000000,540.000000,,360000000000.000000,360000000000.000000,4.000000,14400.000000,16502939648.000000,59410582732800.000000,i-021cff580ef932a9e,label_app:pruner
2020-10-01 00:00:00 +0000 UTC,2020-11-01 00:00:00 +0000 UTC,2020-10-14 00:00:00 +0000 UTC,2020-10-14 00:59:59 +0000 UTC,ip-10-0-184-8.us-east-2.compute.internal,openshift-sdn,ovs-8hzr6,54.726270,360.000000,,331669585920.000000,1509949440000.000000,,4.000000,14400.000000,16326778880.000000,58776403968000.000000,i-0c65e015390b20c42,label_app:ovs|label_component:network|label_controller_revision_hash:78749b5864|label_openshift_io_component:network|label_pod_template_generation:1|label_type:infra
2020-10-01 00:00:00 +0000 UTC,2020-11-01 00:00:00 +0000 UTC,2020-10-14 00:00:00 +0000 UTC,2020-10-14 00:59:59 +0000 UTC,ip-10-0-147-111.us-east-2.compute.internal,openshift-cluster-node-tuning-operator,cluster-node-tuning-operator-64bdb4b545-q994w,1.065626,36.000000,,95816417280.000000,75497472000.000000,,4.000000,14400.000000,16502939648.000000,59410582732800.000000,i-0dd2eab633b37c882,label_name:cluster-node-tuning-operator|label_pod_template_hash:64bdb4b545
2020-10-01 00:00:00 +0000 UTC,2020-11-01 00:00:00 +0000 UTC,2020-10-14 00:00:00 +0000 UTC,2020-10-14 00:59:59 +0000 UTC,ip-10-0-131-45.us-east-2.compute.internal,openshift-sdn,sdn-ck447,27.375404,360.000000,,418577940480.000000,754974720000.000000,,8.000000,28800.000000,33237319680.000000,119654350848000.000000,i-0cc922391a4a5eaa7,label_app:sdn|label_component:network|label_controller_revision_hash:595c645574|label_openshift_io_component:network|label_pod_template_generation:1|label_type:infra
2020-10-01 00:00:00 +0000 UTC,2020-11-01 00:00:00 +0000 UTC,2020-10-14 00:00:00 +0000 UTC,2020-10-14 00:59:59 +0000 UTC,ip-10-0-219-114.us-east-2.compute.internal,openshift-insights,insights-operator-578d7794f4-rjmmw,5.304977,36.000000,,277344583680.000000,113246208000.000000,,4.000000,14400.000000,16502939648.000000,59410582732800.000000,i-021cff580ef932a9e,label_app:insights-operator|label_pod_template_hash:578d7794f4
2020-10-01 00:00:00 +0000 UTC,2020-11-01 00:00:00 +0000 UTC,2020-10-14 00:00:00 +0000 UTC,2020-10-14 00:59:59 +0000 UTC,ip-10-0-184-8.us-east-2.compute.internal,openshift-sdn,sdn-mvk2b,26.022009,360.000000,,372296417280.000000,754974720000.000000,,4.000000,14400.000000,16326778880.000000,58776403968000.000000,i-0c65e015390b20c42,label_app:sdn|label_component:network|label_controller_revision_hash:595c645574|label_openshift_io_component:network|label_pod_template_generation:1|label_type:infra
2020-10-01 00:00:00 +0000 UTC,2020-11-01 00:00:00 +0000 UTC,2020-10-14 00:00:00 +0000 UTC,2020-10-14 00:59:59 +0000 UTC,ip-10-0-184-8.us-east-2.compute.internal,openshift-machine-config-operator,machine-config-daemon-bkgc2,3.069288,144.000000,,1252455874560.000000,377487360000.000000,,4.000000,14400.000000,16326778880.000000,58776403968000.000000,i-0c65e015390b20c42,label_controller_revision_hash:545894cd9f|label_k8s_app:machine-config-daemon|label_pod_template_generation:2
2020-10-01 00:00:00 +0000 UTC,2020-11-01 00:00:00 +0000 UTC,2020-10-14 00:00:00 +0000 UTC,2020-10-14 00:59:59 +0000 UTC,ip-10-0-219-114.us-east-2.compute.internal,openshift-cluster-storage-operator,cluster-storage-operator-565c8d5c84-l74w9,9.274005,36.000000,,212160675840.000000,75497472000.000000,,4.000000,14400.000000,16502939648.000000,59410582732800.000000,i-021cff580ef932a9e,label_name:cluster-storage-operator|label_pod_template_hash:565c8d5c84
2020-10-01 00:00:00 +0000 UTC,2020-11-01 00:00:00 +0000 UTC,2020-10-14 00:00:00 +0000 UTC,2020-10-14 00:59:59 +0000 UTC,ip-10-0-219-114.us-east-2.compute.internal,openshift-cloud-credential-operator,cloud-credential-operator-6f7d5c6b6c-v94kw,10.356384,36.000000,,621804257280.000000,566231040000.000000,,4.000000,14400.000000,16502939648.000000,59410582732800.000000,i-021cff580ef932a9e,label_app:cloud-credential-operator|label_control_plane:controller-manager|label_controller_tools_k8s_io:1.0|label_pod_template_hash:6f7d5c6b6c
2020-10-01 00:00:00 +0000 UTC,2020-11-01 00:00:00 +0000 UTC,2020-10-14 00:00:00 +0000 UTC,2020-10-14 00:59:59 +0000 UTC,ip-10-0-184-8.us-east-2.compute.internal,openshift-multus,multus-admission-controller-szmph,2.183076,72.000000,,228345446400.000000,75497472000.000000,,4.000000,14400.000000,16326778880.000000,58776403968000.000000,i-0c65e015390b20c42,label_app:multus-admission-controller|label_component:network|label_controller_revision_hash:7b7b7f6987|label_namespace:openshift-multus|label_openshift_io_component:network|label_pod_template_generation:1|label_type:infra
2020-10-01 00:00:00 +0000 UTC,2020-11-01 00:00:00 +0000 UTC,2020-10-14 00:00:00 +0000 UTC,2020-10-14 00:59:59 +0000 UTC,ip-10-0-219-114.us-east-2.compute.internal,openshift-kube-apiserver,revision-pruner-7-ip-10-0-219-114.us-east-2.compute.internal,,540.000000,540.000000,,360000000000.000000,360000000000.000000,4.000000,14400.000000,16502939648.000000,59410582732800.000000,i-021cff580ef932a9e,label_app:pruner
2020-10-01 00:00:00 +0000 UTC,2020-11-01 00:00:00 +0000 UTC,2020-10-14 00:00:00 +0000 UTC,2020-10-14 00:59:59 +0000 UTC,ip-10-0-219-114.us-east-2.compute.internal,openshift-kube-controller-manager,kube-controller-manager-ip-10-0-219-114.us-east-2.compute.internal,28.348803,360.000000,,1329316331520.000000,1887436800000.000000,,4.000000,14400.000000,16502939648.000000,59410582732800.000000,i-021cff580ef932a9e,label_app:kube-controller-manager|label_kube_controller_manager:true|label_revision:10
2020-10-01 00:00:00 +0000 UTC,2020-11-01 00:00:00 +0000 UTC,2020-10-14 00:00:00 +0000 UTC,2020-10-14 00:59:59 +0000 UTC,ip-10-0-147-111.us-east-2.compute.internal,openshift-kube-scheduler,revision-pruner-9-ip-10-0-147-111.us-east-2.compute.internal,,540.000000,540.000000,,360000000000.000000,360000000000.000000,4.000000,14400.000000,16502939648.000000,59410582732800.000000,i-0dd2eab633b37c882,label_app:pruner
2020-10-01 00:00:00 +0000 UTC,2020-11-01 00:00:00 +0000 UTC,2020-10-14 00:00:00 +0000 UTC,2020-10-14 00:59:59 +0000 UTC,ip-10-0-184-8.us-east-2.compute.internal,openshift-kube-apiserver,installer-8-ip-10-0-184-8.us-east-2.compute.internal,,540.000000,540.000000,,360000000000.000000,360000000000.000000,4.000000,14400.000000,16326778880.000000,58776403968000.000000,i-0c65e015390b20c42,label_app:installer
2020-10-01 00:00:00 +0000 UTC,2020-11-01 00:00:00 +0000 UTC,2020-10-14 00:00:00 +0000 UTC,2020-10-14 00:59:59 +0000 UTC,ip-10-0-219-114.us-east-2.compute.internal,openshift-kube-apiserver,revision-pruner-6-ip-10-0-219-114.us-east-2.compute.internal,,540.000000,540.000000,,360000000000.000000,360000000000.000000,4.000000,14400.000000,16502939648.000000,59410582732800.000000,i-021cff580ef932a9e,label_app:pruner
2020-10-01 00:00:00 +0000 UTC,2020-11-01 00:00:00 +0000 UTC,2020-10-14 00:00:00 +0000 UTC,2020-10-14 00:59:59 +0000 UTC,ip-10-0-219-114.us-east-2.compute.internal,openshift-kube-scheduler-operator,openshift-kube-scheduler-operator-789878598-jg7sz,46.790519,,,229555077120.000000,188743680000.000000,,4.000000,14400.000000,16502939648.000000,59410582732800.000000,i-021cff580ef932a9e,label_app:openshift-kube-scheduler-operator|label_pod_template_hash:789878598
2020-10-01 00:00:00 +0000 UTC,2020-11-01 00:00:00 +0000 UTC,2020-10-14 00:00:00 +0000 UTC,2020-10-14 00:59:59 +0000 UTC,ip-10-0-131-45.us-east-2.compute.internal,openshift-multus,multus-vlllx,4.208483,36.000000,,18546032640.000000,566231040000.000000,,8.000000,28800.000000,33237319680.000000,119654350848000.000000,i-0cc922391a4a5eaa7,label_app:multus|label_component:network|label_controller_revision_hash:55fc749f48|label_openshift_io_component:network|label_pod_template_generation:1|label_type:infra
2020-10-01 00:00:00 +0000 UTC,2020-11-01 00:00:00 +0000 UTC,2020-10-14 00:00:00 +0000 UTC,2020-10-14 00:59:59 +0000 UTC,ip-10-0-147-111.us-east-2.compute.internal,openshift-console,console-767567484b-c7wwd,4.953815,36.000000,,286313840640.000000,377487360000.000000,,4.000000,14400.000000,16502939648.000000,59410582732800.000000,i-0dd2eab633b37c882,label_app:console|label_component:ui|label_pod_template_hash:767567484b
2020-10-01 00:00:00 +0000 UTC,2020-11-01 00:00:00 +0000 UTC,2020-10-14 00:00:00 +0000 UTC,2020-10-14 00:59:59 +0000 UTC,ip-10-0-184-8.us-east-2.compute.internal,openshift-machine-config-operator,etcd-quorum-guard-97cd4c8bd-wr6lh,15.100437,36.000000,,32890306560.000000,18874368000.000000,,4.000000,14400.000000,16326778880.000000,58776403968000.000000,i-0c65e015390b20c42,label_k8s_app:etcd-quorum-guard|label_name:etcd-quorum-guard|label_pod_template_hash:97cd4c8bd
2020-10-01 00:00:00 +0000 UTC,2020-11-01 00:00:00 +0000 UTC,2020-10-14 00:00:00 +0000 UTC,2020-10-14 00:59:59 +0000 UTC,ip-10-0-131-45.us-east-2.compute.internal,openshift-monitoring,kube-state-metrics-b88767d9b-hzs4d,5.383140,14.400000,,543563366400.000000,452984832000.000000,,8.000000,28800.000000,33237319680.000000,119654350848000.000000,i-0cc922391a4a5eaa7,label_app:kube-state-metrics|label_pod_template_hash:b88767d9b
2020-10-01 00:00:00 +0000 UTC,2020-11-01 00:00:00 +0000 UTC,2020-10-14 00:00:00 +0000 UTC,2020-10-14 00:59:59 +0000 UTC,ip-10-0-219-114.us-east-2.compute.internal,openshift-cluster-version,cluster-version-operator-558c858cb5-vmjzg,20.255139,72.000000,,380700917760.000000,188743680000.000000,,4.000000,14400.000000,16502939648.000000,59410582732800.000000,i-021cff580ef932a9e,label_k8s_app:cluster-version-operator|label_pod_template_hash:558c858cb5
2020-10-01 00:00:00 +0000 UTC,2020-11-01 00:00:00 +0000 UTC,2020-10-14 00:00:00 +0000 UTC,2020-10-14 00:59:59 +0000 UTC,ip-10-0-147-111.us-east-2.compute.internal,openshift-machine-config-operator,machine-config-operator-7c9d855dc5-6rx2n,8.431934,72.000000,,311379886080.000000,188743680000.000000,,4.000000,14400.000000,16502939648.000000,59410582732800.000000,i-0dd2eab633b37c882,label_k8s_app:machine-config-operator|label_pod_template_hash:7c9d855dc5
2020-10-01 00:00:00 +0000 UTC,2020-11-01 00:00:00 +0000 UTC,2020-10-14 00:00:00 +0000 UTC,2020-10-14 00:59:59 +0000 UTC,ip-10-0-184-8.us-east-2.compute.internal,openshift-authentication,oauth-openshift-6684f4f89f-mvpmt,7.093758,36.000000,,251299430400.000000,188743680000.000000,,4.000000,14400.000000,16326778880.000000,58776403968000.000000,i-0c65e015390b20c42,label_app:oauth-openshift|label_pod_template_hash:6684f4f89f
2020-10-01 00:00:00 +0000 UTC,2020-11-01 00:00:00 +0000 UTC,2020-10-14 00:00:00 +0000 UTC,2020-10-14 00:59:59 +0000 UTC,ip-10-0-147-111.us-east-2.compute.internal,openshift-cluster-node-tuning-operator,tuned-p45qz,0.756437,36.000000,,264742502400.000000,188743680000.000000,,4.000000,14400.000000,16502939648.000000,59410582732800.000000,i-0dd2eab633b37c882,label_controller_revision_hash:b66dccb99|label_openshift_app:tuned|label_pod_template_generation:2
2020-10-01 00:00:00 +0000 UTC,2020-11-01 00:00:00 +0000 UTC,2020-10-14 00:00:00 +0000 UTC,2020-10-14 00:59:59 +0000 UTC,ip-10-0-219-114.us-east-2.compute.internal,openshift-kube-storage-version-migrator-operator,kube-storage-version-migrator-operator-69998d554d-2r888,4.740109,36.000000,,271894609920.000000,188743680000.000000,,4.000000,14400.000000,16502939648.000000,59410582732800.000000,i-021cff580ef932a9e,label_app:kube-storage-version-migrator-operator|label_pod_template_hash:69998d554d
2020-10-01 00:00:00 +0000 UTC,2020-11-01 00:00:00 +0000 UTC,2020-10-14 00:00:00 +0000 UTC,2020-10-14 00:59:59 +0000 UTC,ip-10-0-219-114.us-east-2.compute.internal,openshift-marketplace,marketplace-operator-5bcbb6b5b5-5b5zp,19.177870,36.000000,,396157992960.000000,188743680000.000000,,4.000000,14400.000000,16502939648.000000,59410582732800.000000,i-021cff580ef932a9e,label_name:marketplace-operator|label_pod_template_hash:5bcbb6b5b5
2020-10-01 00:00:00 +0000 UTC,2020-11-01 00:00:00 +0000 UTC,2020-10-14 00:00:00 +0000 UTC,2020-10-14 00:59:59 +0000 UTC,ip-10-0-219-114.us-east-2.compute.internal,openshift-network-operator,network-operator-744d44cbbb-gtlwp,10.216446,36.000000,,333831536640.000000,188743680000.000000,,4.000000,14400.000000,16502939648.000000,59410582732800.000000,i-021cff580ef932a9e,label_name:network-operator|label_pod_template_hash:744d44cbbb
2020-10-01 00:00:00 +0000 UTC,2020-11-01 00:00:00 +0000 UTC,2020-10-14 00:00:00 +0000 UTC,2020-10-14 00:59:59 +0000 UTC,ip-10-0-147-111.us-east-2.compute.internal,openshift-kube-controller-manager-operator,kube-controller-manager-operator-5cbc84b446-9qxml,51.798366,36.000000,,234386227200.000000,188743680000.000000,,4.000000,14400.000000,16502939648.000000,59410582732800.000000,i-0dd2eab633b37c882,label_app:kube-controller-manager-operator|label_pod_template_hash:5cbc84b446
2020-10-01 00:00:00 +0000 UTC,2020-11-01 00:00:00 +0000 UTC,2020-10-14 00:00:00 +0000 UTC,2020-10-14 00:59:59 +0000 UTC,ip-10-0-131-45.us-east-2.compute.internal,openshift-monitoring,telemeter-client-754979c74c-4skq9,1.237730,10.800000,,236262850560.000000,75497472000.000000,,8.000000,28800.000000,33237319680.000000,119654350848000.000000,i-0cc922391a4a5eaa7,label_k8s_app:telemeter-client|label_pod_template_hash:754979c74c
2020-10-01 00:00:00 +0000 UTC,2020-11-01 00:00:00 +0000 UTC,2020-10-14 00:00:00 +0000 UTC,2020-10-14 00:59:59 +0000 UTC,ip-10-0-147-111.us-east-2.compute.internal,openshift-kube-scheduler,revision-pruner-8-ip-10-0-147-111.us-east-2.compute.internal,,540.000000,540.000000,,360000000000.000000,360000000000.000000,4.000000,14400.000000,16502939648.000000,59410582732800.000000,i-0dd2eab633b37c882,label_app:pruner
2020-10-01 00:00:00 +0000 UTC,2020-11-01 00:00:00 +0000 UTC,2020-10-14 00:00:00 +0000 UTC,2020-10-14 00:59:59 +0000 UTC,ip-10-0-219-114.us-east-2.compute.internal,openshift-kube-scheduler,revision-pruner-8-ip-10-0-219-114.us-east-2.compute.internal,,540.000000,540.000000,,360000000000.000000,360000000000.000000,4.000000,14400.000000,16502939648.000000,59410582732800.000000,i-021cff580ef932a9e,label_app:pruner
2020-10-01 00:00:00 +0000 UTC,2020-11-01 00:00:00 +0000 UTC,2020-10-14 00:00:00 +0000 UTC,2020-10-14 00:59:59 +0000 UTC,ip-10-0-179-157.us-east-2.compute.internal,openshift-marketplace,redhat-operators-6cf6ff497c-sszk9,27.501182,36.000000,,758685941760.000000,377487360000.000000,,8.000000,28800.000000,33237319680.000000,119654350848000.000000,i-0767cb7e2f9967573,label_marketplace_operatorSource:redhat-operators|label_pod_template_hash:6cf6ff497c
2020-10-01 00:00:00 +0000 UTC,2020-11-01 00:00:00 +0000 UTC,2020-10-14 00:00:00 +0000 UTC,2020-10-14 00:59:59 +0000 UTC,ip-10-0-147-111.us-east-2.compute.internal,openshift-controller-manager,controller-manager-gh2hp,1.083027,360.000000,,302541864960.000000,377487360000.000000,,4.000000,14400.000000,16502939648.000000,59410582732800.000000,i-0dd2eab633b37c882,label_app:openshift-controller-manager|label_controller_manager:true|label_controller_revision_hash:7f6999c885|label_pod_template_generation:16
2020-10-01 00:00:00 +0000 UTC,2020-11-01 00:00:00 +0000 UTC,2020-10-14 00:00:00 +0000 UTC,2020-10-14 00:59:59 +0000 UTC,ip-10-0-184-8.us-east-2.compute.internal,openshift-monitoring,node-exporter-hzjkp,19.539929,32.400000,,232167997440.000000,792723456000.000000,,4.000000,14400.000000,16326778880.000000,58776403968000.000000,i-0c65e015390b20c42,label_app:node-exporter|label_controller_revision_hash:664bff5786|label_pod_template_generation:1
2020-10-01 00:00:00 +0000 UTC,2020-11-01 00:00:00 +0000 UTC,2020-10-14 00:00:00 +0000 UTC,2020-10-14 00:59:59 +0000 UTC,ip-10-0-147-111.us-east-2.compute.internal,openshift-apiserver,apiserver-64775f7c48-f4s6v,34.767459,360.000000,,1110768107520.000000,754974720000.000000,,4.000000,14400.000000,16502939648.000000,59410582732800.000000,i-0dd2eab633b37c882,label_apiserver:true|label_app:openshift-apiserver-a|label_pod_template_hash:64775f7c48|label_revision:0
2020-10-01 00:00:00 +0000 UTC,2020-11-01 00:00:00 +0000 UTC,2020-10-14 00:00:00 +0000 UTC,2020-10-14 00:59:59 +0000 UTC,ip-10-0-219-114.us-east-2.compute.internal,openshift-authentication-operator,authentication-operator-67f446b968-rg7hb,20.080782,36.000000,,369078190080.000000,188743680000.000000,,4.000000,14400.000000,16502939648.000000,59410582732800.000000,i-021cff580ef932a9e,label_app:authentication-operator|label_pod_template_hash:67f446b968
2020-10-01 00:00:00 +0000 UTC,2020-11-01 00:00:00 +0000 UTC,2020-10-14 00:00:00 +0000 UTC,2020-10-14 00:59:59 +0000 UTC,ip-10-0-179-157.us-east-2.compute.internal,openshift-marketplace,redhat-marketplace-745dff5fdc-kzqz4,24.124708,36.000000,,976106618880.000000,377487360000.000000,,8.000000,28800.000000,33237319680.000000,119654350848000.000000,i-0767cb7e2f9967573,label_marketplace_operatorSource:redhat-marketplace|label_pod_template_hash:745dff5fdc
2020-10-01 00:00:00 +0000 UTC,2020-11-01 00:00:00 +0000 UTC,2020-10-14 00:00:00 +0000 UTC,2020-10-14 00:59:59 +0000 UTC,ip-10-0-184-8.us-east-2.compute.internal,openshift-kube-scheduler,installer-10-ip-10-0-184-8.us-east-2.compute.internal,,540.000000,540.000000,,360000000000.000000,360000000000.000000,4.000000,14400.000000,16326778880.000000,58776403968000.000000,i-0c65e015390b20c42,label_app:installer
2020-10-01 00:00:00 +0000 UTC,2020-11-01 00:00:00 +0000 UTC,2020-10-14 00:00:00 +0000 UTC,2020-10-14 00:59:59 +0000 UTC,ip-10-0-219-114.us-east-2.compute.internal,openshift-operator-lifecycle-manager,packageserver-5477bc448-6jllb,27.102097,36.000000,,765901455360.000000,188743680000.000000,,4.000000,14400.000000,16502939648.000000,59410582732800.000000,i-021cff580ef932a9e,label_app:packageserver|label_pod_template_hash:5477bc448
2020-10-01 00:00:00 +0000 UTC,2020-11-01 00:00:00 +0000 UTC,2020-10-14 00:00:00 +0000 UTC,2020-10-14 00:59:59 +0000 UTC,ip-10-0-147-111.us-east-2.compute.internal,openshift-etcd,revision-pruner-2-ip-10-0-147-111.us-east-2.compute.internal,,540.000000,540.000000,,360000000000.000000,360000000000.000000,4.000000,14400.000000,16502939648.000000,59410582732800.000000,i-0dd2eab633b37c882,label_app:pruner
2020-10-01 00:00:00 +0000 UTC,2020-11-01 00:00:00 +0000 UTC,2020-10-14 00:00:00 +0000 UTC,2020-10-14 00:59:59 +0000 UTC,ip-10-0-131-45.us-east-2.compute.internal,openshift-monitoring,openshift-state-metrics-cc4c4f66f-bqwkj,0.779325,10.800000,,248713543680.000000,717225984000.000000,,8.000000,28800.000000,33237319680.000000,119654350848000.000000,i-0cc922391a4a5eaa7,label_k8s_app:openshift-state-metrics|label_pod_template_hash:cc4c4f66f
2020-10-01 00:00:00 +0000 UTC,2020-11-01 00:00:00 +0000 UTC,2020-10-14 00:00:00 +0000 UTC,2020-10-14 00:59:59 +0000 UTC,ip-10-0-147-111.us-east-2.compute.internal,openshift-operator-lifecycle-manager,olm-operator-7cfb7649cd-p9tcg,41.496665,36.000000,,681128263680.000000,603979776000.000000,,4.000000,14400.000000,16502939648.000000,59410582732800.000000,i-0dd2eab633b37c882,label_app:olm-operator|label_pod_template_hash:7cfb7649cd
2020-10-01 00:00:00 +0000 UTC,2020-11-01 00:00:00 +0000 UTC,2020-10-14 00:00:00 +0000 UTC,2020-10-14 00:59:59 +0000 UTC,ip-10-0-147-111.us-east-2.compute.internal,openshift-kube-scheduler,installer-9-ip-10-0-147-111.us-east-2.compute.internal,,540.000000,540.000000,,360000000000.000000,360000000000.000000,4.000000,14400.000000,16502939648.000000,59410582732800.000000,i-0dd2eab633b37c882,label_app:installer
2020-10-01 00:00:00 +0000 UTC,2020-11-01 00:00:00 +0000 UTC,2020-10-14 00:00:00 +0000 UTC,2020-10-14 00:59:59 +0000 UTC,ip-10-0-131-45.us-east-2.compute.internal,openshift-monitoring,alertmanager-main-0,10.487115,21.600000,,213319925760.000000,830472192000.000000,,8.000000,28800.000000,33237319680.000000,119654350848000.000000,i-0cc922391a4a5eaa7,label_alertmanager:main|label_app:alertmanager|label_controller_revision_hash:alertmanager-main-5676fd6774|label_statefulset_kubernetes_io_pod_name:alertmanager-main-0
2020-10-01 00:00:00 +0000 UTC,2020-11-01 00:00:00 +0000 UTC,2020-10-14 00:00:00 +0000 UTC,2020-10-14 00:59:59 +0000 UTC,ip-10-0-131-45.us-east-2.compute.internal,openshift-console,downloads-9cb4cd587-s4ql8,0.874090,36.000000,,4086369976320.000000,188743680000.000000,,8.000000,28800.000000,33237319680.000000,119654350848000.000000,i-0cc922391a4a5eaa7,label_app:console|label_component:downloads|label_pod_template_hash:9cb4cd587
2020-10-01 00:00:00 +0000 UTC,2020-11-01 00:00:00 +0000 UTC,2020-10-14 00:00:00 +0000 UTC,2020-10-14 00:59:59 +0000 UTC,ip-10-0-184-8.us-east-2.compute.internal,openshift-cluster-node-tuning-operator,tuned-9fk62,0.738336,36.000000,,261911347200.000000,188743680000.000000,,4.000000,14400.000000,16326778880.000000,58776403968000.000000,i-0c65e015390b20c42,label_controller_revision_hash:b66dccb99|label_openshift_app:tuned|label_pod_template_generation:2
2020-10-01 00:00:00 +0000 UTC,2020-11-01 00:00:00 +0000 UTC,2020-10-14 00:00:00 +0000 UTC,2020-10-14 00:59:59 +0000 UTC,ip-10-0-219-114.us-east-2.compute.internal,openshift-kube-scheduler,installer-9-ip-10-0-219-114.us-east-2.compute.internal,,540.000000,540.000000,,360000000000.000000,360000000000.000000,4.000000,14400.000000,16502939648.000000,59410582732800.000000,i-021cff580ef932a9e,label_app:installer
2020-10-01 00:00:00 +0000 UTC,2020-11-01 00:00:00 +0000 UTC,2020-10-14 00:00:00 +0000 UTC,2020-10-14 00:59:59 +0000 UTC,ip-10-0-131-45.us-east-2.compute.internal,openshift-monitoring,alertmanager-main-2,11.377118,21.600000,,231723171840.000000,830472192000.000000,,8.000000,28800.000000,33237319680.000000,119654350848000.000000,i-0cc922391a4a5eaa7,label_alertmanager:main|label_app:alertmanager|label_controller_revision_hash:alertmanager-main-5676fd6774|label_statefulset_kubernetes_io_pod_name:alertmanager-main-2
2020-10-01 00:00:00 +0000 UTC,2020-11-01 00:00:00 +0000 UTC,2020-10-14 00:00:00 +0000 UTC,2020-10-14 00:59:59 +0000 UTC,ip-10-0-219-114.us-east-2.compute.internal,openshift-service-catalog-controller-manager-operator,openshift-service-catalog-controller-manager-operator-5b5789mch,6.218771,36.000000,,309605007360.000000,188743680000.000000,,4.000000,14400.000000,16502939648.000000,59410582732800.000000,i-021cff580ef932a9e,label_app:openshift-service-catalog-controller-manager-operator|label_pod_template_hash:5b576c5587
2020-10-01 00:00:00 +0000 UTC,2020-11-01 00:00:00 +0000 UTC,2020-10-14 00:00:00 +0000 UTC,2020-10-14 00:59:59 +0000 UTC,ip-10-0-219-114.us-east-2.compute.internal,openshift-cluster-node-tuning-operator,tuned-h6l2q,0.775653,36.000000,,275123404800.000000,188743680000.000000,,4.000000,14400.000000,16502939648.000000,59410582732800.000000,i-021cff580ef932a9e,label_controller_revision_hash:b66dccb99|label_openshift_app:tuned|label_pod_template_generation:2
2020-10-01 00:00:00 +0000 UTC,2020-11-01 00:00:00 +0000 UTC,2020-10-14 00:00:00 +0000 UTC,2020-10-14 00:59:59 +0000 UTC,ip-10-0-179-157.us-east-2.compute.internal,openshift-image-registry,node-ca-nc4x4,0.937988,36.000000,,21287731200.000000,37748736000.000000,,8.000000,28800.000000,33237319680.000000,119654350848000.000000,i-0767cb7e2f9967573,label_controller_revision_hash:7dbf69f566|label_name:node-ca|label_pod_template_generation:1
2020-10-01 00:00:00 +0000 UTC,2020-11-01 00:00:00 +0000 UTC,2020-10-14 00:00:00 +0000 UTC,2020-10-14 00:59:59 +0000 UTC,ip-10-0-147-111.us-east-2.compute.internal,openshift-kube-apiserver,installer-8-ip-10-0-147-111.us-east-2.compute.internal,,540.000000,540.000000,,360000000000.000000,360000000000.000000,4.000000,14400.000000,16502939648.000000,59410582732800.000000,i-0dd2eab633b37c882,label_app:installer
2020-10-01 00:00:00 +0000 UTC,2020-11-01 00:00:00 +0000 UTC,2020-10-14 00:00:00 +0000 UTC,2020-10-14 00:59:59 +0000 UTC,ip-10-0-131-45.us-east-2.compute.internal,openshift-metering,reporting-operator-67bcdf77d4-7xrt4,14.967021,2160.000000,5400.000000,290127298560.000000,566231040000.000000,2264924160000.000000,8.000000,28800.000000,33237319680.000000,119654350848000.000000,i-0cc922391a4a5eaa7,label_app:reporting-operator|label_pod_template_hash:67bcdf77d4
2020-10-01 00:00:00 +0000 UTC,2020-11-01 00:00:00 +0000 UTC,2020-10-14 00:00:00 +0000 UTC,2020-10-14 00:59:59 +0000 UTC,ip-10-0-219-114.us-east-2.compute.internal,openshift-kube-apiserver,installer-8-ip-10-0-219-114.us-east-2.compute.internal,,540.000000,540.000000,,360000000000.000000,360000000000.000000,4.000000,14400.000000,16502939648.000000,59410582732800.000000,i-021cff580ef932a9e,label_app:installer
2020-10-01 00:00:00 +0000 UTC,2020-11-01 00:00:00 +0000 UTC,2020-10-14 00:00:00 +0000 UTC,2020-10-14 00:59:59 +0000 UTC,ip-10-0-147-111.us-east-2.compute.internal,openshift-multus,multus-c87r4,4.385926,36.000000,,13577502720.000000,566231040000.000000,,4.000000,14400.000000,16502939648.000000,59410582732800.000000,i-0dd2eab633b37c882,label_app:multus|label_component:network|label_controller_revision_hash:55fc749f48|label_openshift_io_component:network|label_pod_template_generation:1|label_type:infra
2020-10-01 00:00:00 +0000 UTC,2020-11-01 00:00:00 +0000 UTC,2020-10-14 00:00:00 +0000 UTC,2020-10-14 00:59:59 +0000 UTC,ip-10-0-219-114.us-east-2.compute.internal,openshift-multus,multus-admission-controller-cqnzd,2.180787,72.000000,,260075765760.000000,75497472000.000000,,4.000000,14400.000000,16502939648.000000,59410582732800.000000,i-021cff580ef932a9e,label_app:multus-admission-controller|label_component:network|label_controller_revision_hash:7b7b7f6987|label_namespace:openshift-multus|label_openshift_io_component:network|label_pod_template_generation:1|label_type:infra
2020-10-01 00:00:00 +0000 UTC,2020-11-01 00:00:00 +0000 UTC,2020-10-14 00:00:00 +0000 UTC,2020-10-14 00:59:59 +0000 UTC,ip-10-0-219-114.us-east-2.compute.internal,openshift-apiserver-operator,openshift-apiserver-operator-55bbd4fddc-c6xth,14.477290,36.000000,,378482933760.000000,188743680000.000000,,4.000000,14400.000000,16502939648.000000,59410582732800.000000,i-021cff580ef932a9e,label_app:openshift-apiserver-operator|label_pod_template_hash:55bbd4fddc
2020-10-01 00:00:00 +0000 UTC,2020-11-01 00:00:00 +0000 UTC,2020-10-14 00:00:00 +0000 UTC,2020-10-14 00:59:59 +0000 UTC,ip-10-0-184-8.us-east-2.compute.internal,openshift-kube-apiserver,kube-apiserver-ip-10-0-184-8.us-east-2.compute.internal,315.919378,1188.000000,,8625540710400.000000,4431701606400.000000,,4.000000,14400.000000,16326778880.000000,58776403968000.000000,i-0c65e015390b20c42,label_apiserver:true|label_app:openshift-kube-apiserver|label_revision:9
2020-10-01 00:00:00 +0000 UTC,2020-11-01 00:00:00 +0000 UTC,2020-10-14 00:00:00 +0000 UTC,2020-10-14 00:59:59 +0000 UTC,ip-10-0-131-45.us-east-2.compute.internal,openshift-console,downloads-9cb4cd587-khxsh,0.895331,36.000000,,4289805926400.000000,188743680000.000000,,8.000000,28800.000000,33237319680.000000,119654350848000.000000,i-0cc922391a4a5eaa7,label_app:console|label_component:downloads|label_pod_template_hash:9cb4cd587
2020-10-01 00:00:00 +0000 UTC,2020-11-01 00:00:00 +0000 UTC,2020-10-14 00:00:00 +0000 UTC,2020-10-14 00:59:59 +0000 UTC,ip-10-0-147-111.us-east-2.compute.internal,openshift-dns,dns-default-7sqr6,7.482004,396.000000,,284904407040.000000,264241152000.000000,1932735283200.000000,4.000000,14400.000000,16502939648.000000,59410582732800.000000,i-0dd2eab633b37c882,label_controller_revision_hash:95cc96b59|label_dns_operator_openshift_io_daemonset_dns:default|label_pod_template_generation:1
2020-10-01 00:00:00 +0000 UTC,2020-11-01 00:00:00 +0000 UTC,2020-10-14 00:00:00 +0000 UTC,2020-10-14 00:59:59 +0000 UTC,ip-10-0-219-114.us-east-2.compute.internal,openshift-console,console-767567484b-f4jh7,3.182441,36.000000,,263778385920.000000,377487360000.000000,,4.000000,14400.000000,16502939648.000000,59410582732800.000000,i-021cff580ef932a9e,label_app:console|label_component:ui|label_pod_template_hash:767567484b
2020-10-01 00:00:00 +0000 UTC,2020-11-01 00:00:00 +0000 UTC,2020-10-14 00:00:00 +0000 UTC,2020-10-14 00:59:59 +0000 UTC,ip-10-0-131-45.us-east-2.compute.internal,openshift-metering,cost-mgmt-operator-56b6b486f6-pvf6s,1329.554542,,,865063157760.000000,,,8.000000,28800.000000,33237319680.000000,119654350848000.000000,i-0cc922391a4a5eaa7,label_name:cost-mgmt-operator|label_pod_template_hash:56b6b486f6
2020-10-01 00:00:00 +0000 UTC,2020-11-01 00:00:00 +0000 UTC,2020-10-14 00:00:00 +0000 UTC,2020-10-14 00:59:59 +0000 UTC,ip-10-0-131-45.us-east-2.compute.internal,openshift-metering,metering-operator-79b4865dc-hvhg6,1452.461158,2700.000000,5400.000000,1162188226560.000000,1509949440000.000000,1887436800000.000000,8.000000,28800.000000,33237319680.000000,119654350848000.000000,i-0cc922391a4a5eaa7,label_app:metering-operator|label_pod_template_hash:79b4865dc
2020-10-01 00:00:00 +0000 UTC,2020-11-01 00:00:00 +0000 UTC,2020-10-14 00:00:00 +0000 UTC,2020-10-14 00:59:59 +0000 UTC,ip-10-0-147-111.us-east-2.compute.internal,openshift-monitoring,node-exporter-7xkww,28.134036,32.400000,,224535183360.000000,792723456000.000000,,4.000000,14400.000000,16502939648.000000,59410582732800.000000,i-0dd2eab633b37c882,label_app:node-exporter|label_controller_revision_hash:664bff5786|label_pod_template_generation:1
2020-10-01 00:00:00 +0000 UTC,2020-11-01 00:00:00 +0000 UTC,2020-10-14 00:00:00 +0000 UTC,2020-10-14 00:59:59 +0000 UTC,ip-10-0-131-45.us-east-2.compute.internal,openshift-image-registry,image-registry-69d597c6f5-wwqfv,4.091122,360.000000,,264719155200.000000,966367641600.000000,,8.000000,28800.000000,33237319680.000000,119654350848000.000000,i-0cc922391a4a5eaa7,label_docker_registry:default|label_pod_template_hash:69d597c6f5
2020-10-01 00:00:00 +0000 UTC,2020-11-01 00:00:00 +0000 UTC,2020-10-14 00:00:00 +0000 UTC,2020-10-14 00:59:59 +0000 UTC,ip-10-0-219-114.us-east-2.compute.internal,openshift-machine-config-operator,machine-config-controller-575978df68-55phn,4.266606,72.000000,,252247326720.000000,188743680000.000000,,4.000000,14400.000000,16502939648.000000,59410582732800.000000,i-021cff580ef932a9e,label_k8s_app:machine-config-controller|label_pod_template_hash:575978df68
2020-10-01 00:00:00 +0000 UTC,2020-11-01 00:00:00 +0000 UTC,2020-10-14 00:00:00 +0000 UTC,2020-10-14 00:59:59 +0000 UTC,ip-10-0-219-114.us-east-2.compute.internal,openshift-sdn,sdn-controller-lsf2v,0.910381,36.000000,,179570196480.000000,188743680000.000000,,4.000000,14400.000000,16502939648.000000,59410582732800.000000,i-021cff580ef932a9e,label_app:sdn-controller|label_controller_revision_hash:f779f79f5|label_pod_template_generation:1
2020-10-01 00:00:00 +0000 UTC,2020-11-01 00:00:00 +0000 UTC,2020-10-14 00:00:00 +0000 UTC,2020-10-14 00:59:59 +0000 UTC,ip-10-0-131-45.us-east-2.compute.internal,openshift-cost,korekuta-operator-go-controller-manager-657bc499b8-v7ddt,0.767458,25.600000,128.000000,53528014848.000000,5368709120.000000,134217728000.000000,8.000000,28800.000000,33237319680.000000,119654350848000.000000,i-0cc922391a4a5eaa7,
2020-10-01 00:00:00 +0000 UTC,2020-11-01 00:00:00 +0000 UTC,2020-10-14 00:00:00 +0000 UTC,2020-10-14 00:59:59 +0000 UTC,ip-10-0-184-8.us-east-2.compute.internal,openshift-sdn,sdn-controller-s2kr5,0.419096,36.000000,,172907642880.000000,188743680000.000000,,4.000000,14400.000000,16326778880.000000,58776403968000.000000,i-0c65e015390b20c42,label_app:sdn-controller|label_controller_revision_hash:f779f79f5|label_pod_template_generation:1
2020-10-01 00:00:00 +0000 UTC,2020-11-01 00:00:00 +0000 UTC,2020-10-14 00:00:00 +0000 UTC,2020-10-14 00:59:59 +0000 UTC,ip-10-0-131-45.us-east-2.compute.internal,openshift-monitoring,prometheus-adapter-7b9fb465c5-qr6sb,2.248157,3.600000,,212531036160.000000,75497472000.000000,,8.000000,28800.000000,33237319680.000000,119654350848000.000000,i-0cc922391a4a5eaa7,label_name:prometheus-adapter|label_pod_template_hash:7b9fb465c5
2020-10-01 00:00:00 +0000 UTC,2020-11-01 00:00:00 +0000 UTC,2020-10-14 00:00:00 +0000 UTC,2020-10-14 00:59:59 +0000 UTC,ip-10-0-184-8.us-east-2.compute.internal,openshift-kube-scheduler,installer-9-ip-10-0-184-8.us-east-2.compute.internal,,540.000000,540.000000,,360000000000.000000,360000000000.000000,4.000000,14400.000000,16326778880.000000,58776403968000.000000,i-0c65e015390b20c42,label_app:installer
2020-10-01 00:00:00 +0000 UTC,2020-11-01 00:00:00 +0000 UTC,2020-10-14 00:00:00 +0000 UTC,2020-10-14 00:59:59 +0000 UTC,ip-10-0-147-111.us-east-2.compute.internal,openshift-image-registry,node-ca-zqh2f,0.839913,36.000000,,11901419520.000000,37748736000.000000,,4.000000,14400.000000,16502939648.000000,59410582732800.000000,i-0dd2eab633b37c882,label_controller_revision_hash:7dbf69f566|label_name:node-ca|label_pod_template_generation:1
2020-10-01 00:00:00 +0000 UTC,2020-11-01 00:00:00 +0000 UTC,2020-10-14 00:00:00 +0000 UTC,2020-10-14 00:59:59 +0000 UTC,ip-10-0-219-114.us-east-2.compute.internal,openshift-etcd,revision-pruner-2-ip-10-0-219-114.us-east-2.compute.internal,,540.000000,540.000000,,360000000000.000000,360000000000.000000,4.000000,14400.000000,16502939648.000000,59410582732800.000000,i-021cff580ef932a9e,label_app:pruner
2020-10-01 00:00:00 +0000 UTC,2020-11-01 00:00:00 +0000 UTC,2020-10-14 00:00:00 +0000 UTC,2020-10-14 00:59:59 +0000 UTC,ip-10-0-147-111.us-east-2.compute.internal,openshift-kube-scheduler,installer-10-ip-10-0-147-111.us-east-2.compute.internal,,540.000000,540.000000,,360000000000.000000,360000000000.000000,4.000000,14400.000000,16502939648.000000,59410582732800.000000,i-0dd2eab633b37c882,label_app:installer
2020-10-01 00:00:00 +0000 UTC,2020-11-01 00:00:00 +0000 UTC,2020-10-14 00:00:00 +0000 UTC,2020-10-14 00:59:59 +0000 UTC,ip-10-0-147-111.us-east-2.compute.internal,openshift-machine-api,machine-api-controllers-5db745b4b7-wvk9x,4.329052,144.000000,,713389178880.000000,301989888000.000000,,4.000000,14400.000000,16502939648.000000,59410582732800.000000,i-0dd2eab633b37c882,label_api:clusterapi|label_k8s_app:controller|label_pod_template_hash:5db745b4b7
2020-10-01 00:00:00 +0000 UTC,2020-11-01 00:00:00 +0000 UTC,2020-10-14 00:00:00 +0000 UTC,2020-10-14 00:59:59 +0000 UTC,ip-10-0-219-114.us-east-2.compute.internal,openshift-authentication,oauth-openshift-6684f4f89f-98nxr,8.085378,36.000000,,245353267200.000000,188743680000.000000,,4.000000,14400.000000,16502939648.000000,59410582732800.000000,i-021cff580ef932a9e,label_app:oauth-openshift|label_pod_template_hash:6684f4f89f
2020-10-01 00:00:00 +0000 UTC,2020-11-01 00:00:00 +0000 UTC,2020-10-14 00:00:00 +0000 UTC,2020-10-14 00:59:59 +0000 UTC,ip-10-0-131-45.us-east-2.compute.internal,openshift-cost,korekuta-operator-go-controller-manager-75965c584c-bpk9l,1.007233,72.900000,364.500000,119801487360.000000,15288238080.000000,382205952000.000000,8.000000,28800.000000,33237319680.000000,119654350848000.000000,i-0cc922391a4a5eaa7,
2020-10-01 00:00:00 +0000 UTC,2020-11-01 00:00:00 +0000 UTC,2020-10-14 00:00:00 +0000 UTC,2020-10-14 00:59:59 +0000 UTC,ip-10-0-219-114.us-east-2.compute.internal,openshift-kube-apiserver,kube-apiserver-ip-10-0-219-114.us-east-2.compute.internal,425.924044,1188.000000,,10500541562880.000000,4431701606400.000000,,4.000000,14400.000000,16502939648.000000,59410582732800.000000,i-021cff580ef932a9e,label_apiserver:true|label_app:openshift-kube-apiserver|label_revision:9
2020-10-01 00:00:00 +0000 UTC,2020-11-01 00:00:00 +0000 UTC,2020-10-14 00:00:00 +0000 UTC,2020-10-14 00:59:59 +0000 UTC,ip-10-0-147-111.us-east-2.compute.internal,openshift-cluster-samples-operator,cluster-samples-operator-569bf8c5d9-r9fbx,6.185364,72.000000,,407808983040.000000,,,4.000000,14400.000000,16502939648.000000,59410582732800.000000,i-0dd2eab633b37c882,label_name:cluster-samples-operator|label_pod_template_hash:569bf8c5d9
2020-10-01 00:00:00 +0000 UTC,2020-11-01 00:00:00 +0000 UTC,2020-10-14 00:00:00 +0000 UTC,2020-10-14 00:59:59 +0000 UTC,ip-10-0-131-45.us-east-2.compute.internal,openshift-monitoring,grafana-6cc48f566-zphd6,15.112617,18.000000,,353436303360.000000,452984832000.000000,,8.000000,28800.000000,33237319680.000000,119654350848000.000000,i-0cc922391a4a5eaa7,label_app:grafana|label_pod_template_hash:6cc48f566
2020-10-01 00:00:00 +0000 UTC,2020-11-01 00:00:00 +0000 UTC,2020-10-14 00:00:00 +0000 UTC,2020-10-14 00:59:59 +0000 UTC,ip-10-0-179-157.us-east-2.compute.internal,openshift-ingress,router-default-785b484cd7-gw9m7,8.464833,360.000000,,334252032000.000000,966367641600.000000,,8.000000,28800.000000,33237319680.000000,119654350848000.000000,i-0767cb7e2f9967573,label_ingresscontroller_operator_openshift_io_deployment_ingresscontroller:default|label_ingresscontroller_operator_openshift_io_hash:5759c6fd54|label_pod_template_hash:785b484cd7
2020-10-01 00:00:00 +0000 UTC,2020-11-01 00:00:00 +0000 UTC,2020-10-14 00:00:00 +0000 UTC,2020-10-14 00:59:59 +0000 UTC,ip-10-0-184-8.us-east-2.compute.internal,openshift-kube-scheduler,revision-pruner-9-ip-10-0-184-8.us-east-2.compute.internal,,540.000000,540.000000,,360000000000.000000,360000000000.000000,4.000000,14400.000000,16326778880.000000,58776403968000.000000,i-0c65e015390b20c42,label_app:pruner
2020-10-01 00:00:00 +0000 UTC,2020-11-01 00:00:00 +0000 UTC,2020-10-14 00:00:00 +0000 UTC,2020-10-14 00:59:59 +0000 UTC,ip-10-0-219-114.us-east-2.compute.internal,openshift-image-registry,cluster-image-registry-operator-754b64c676-56x5v,6.563931,72.000000,,462482964480.000000,,,4.000000,14400.000000,16502939648.000000,59410582732800.000000,i-021cff580ef932a9e,label_name:cluster-image-registry-operator|label_pod_template_hash:754b64c676
2020-10-01 00:00:00 +0000 UTC,2020-11-01 00:00:00 +0000 UTC,2020-10-14 00:00:00 +0000 UTC,2020-10-14 00:59:59 +0000 UTC,ip-10-0-147-111.us-east-2.compute.internal,openshift-sdn,sdn-controller-k2chc,0.420408,36.000000,,165271388160.000000,188743680000.000000,,4.000000,14400.000000,16502939648.000000,59410582732800.000000,i-0dd2eab633b37c882,label_app:sdn-controller|label_controller_revision_hash:f779f79f5|label_pod_template_generation:1
2020-10-01 00:00:00 +0000 UTC,2020-11-01 00:00:00 +0000 UTC,2020-10-14 00:00:00 +0000 UTC,2020-10-14 00:59:59 +0000 UTC,ip-10-0-184-8.us-east-2.compute.internal,openshift-etcd,revision-pruner-2-ip-10-0-184-8.us-east-2.compute.internal,,540.000000,540.000000,,360000000000.000000,360000000000.000000,4.000000,14400.000000,16326778880.000000,58776403968000.000000,i-0c65e015390b20c42,label_app:pruner
2020-10-01 00:00:00 +0000 UTC,2020-11-01 00:00:00 +0000 UTC,2020-10-14 00:00:00 +0000 UTC,2020-10-14 00:59:59 +0000 UTC,ip-10-0-179-157.us-east-2.compute.internal,openshift-monitoring,node-exporter-grbpd,28.361750,32.400000,,241894686720.000000,792723456000.000000,,8.000000,28800.000000,33237319680.000000,119654350848000.000000,i-0767cb7e2f9967573,label_app:node-exporter|label_controller_revision_hash:664bff5786|label_pod_template_generation:1
2020-10-01 00:00:00 +0000 UTC,2020-11-01 00:00:00 +0000 UTC,2020-10-14 00:00:00 +0000 UTC,2020-10-14 00:59:59 +0000 UTC,ip-10-0-219-114.us-east-2.compute.internal,openshift-service-ca-operator,service-ca-operator-5998cdb4-v9cjv,7.044053,36.000000,,337977999360.000000,301989888000.000000,,4.000000,14400.000000,16502939648.000000,59410582732800.000000,i-021cff580ef932a9e,label_app:service-ca-operator|label_pod_template_hash:5998cdb4
2020-10-01 00:00:00 +0000 UTC,2020-11-01 00:00:00 +0000 UTC,2020-10-14 00:00:00 +0000 UTC,2020-10-14 00:59:59 +0000 UTC,ip-10-0-131-45.us-east-2.compute.internal,openshift-cost,korekuta-operator-go-controller-manager-69bf47c798-8gtxw,0.108094,1.600000,8.000000,4852310016.000000,335544320.000000,8388608000.000000,8.000000,28800.000000,33237319680.000000,119654350848000.000000,i-0cc922391a4a5eaa7,
2020-10-01 00:00:00 +0000 UTC,2020-11-01 00:00:00 +0000 UTC,2020-10-14 00:00:00 +0000 UTC,2020-10-14 00:59:59 +0000 UTC,ip-10-0-219-114.us-east-2.compute.internal,openshift-etcd,etcd-ip-10-0-219-114.us-east-2.compute.internal,759.219707,1656.000000,,3849202483200.000000,3472883712000.000000,,4.000000,14400.000000,16502939648.000000,59410582732800.000000,i-021cff580ef932a9e,label_app:etcd|label_etcd:true|label_k8s_app:etcd|label_revision:2
2020-10-01 00:00:00 +0000 UTC,2020-11-01 00:00:00 +0000 UTC,2020-10-14 00:00:00 +0000 UTC,2020-10-14 00:59:59 +0000 UTC,ip-10-0-131-45.us-east-2.compute.internal,openshift-monitoring,alertmanager-main-1,10.504767,21.600000,,221598842880.000000,830472192000.000000,,8.000000,28800.000000,33237319680.000000,119654350848000.000000,i-0cc922391a4a5eaa7,label_alertmanager:main|label_app:alertmanager|label_controller_revision_hash:alertmanager-main-5676fd6774|label_statefulset_kubernetes_io_pod_name:alertmanager-main-1
2020-10-01 00:00:00 +0000 UTC,2020-11-01 00:00:00 +0000 UTC,2020-10-14 00:00:00 +0000 UTC,2020-10-14 00:59:59 +0000 UTC,ip-10-0-147-111.us-east-2.compute.internal,openshift-machine-config-operator,etcd-quorum-guard-97cd4c8bd-4vqnk,16.035800,36.000000,,33469808640.000000,18874368000.000000,,4.000000,14400.000000,16502939648.000000,59410582732800.000000,i-0dd2eab633b37c882,label_k8s_app:etcd-quorum-guard|label_name:etcd-quorum-guard|label_pod_template_hash:97cd4c8bd
2020-10-01 00:00:00 +0000 UTC,2020-11-01 00:00:00 +0000 UTC,2020-10-14 00:00:00 +0000 UTC,2020-10-14 00:59:59 +0000 UTC,ip-10-0-219-114.us-east-2.compute.internal,openshift-image-registry,node-ca-gchqd,0.883157,36.000000,,11798691840.000000,37748736000.000000,,4.000000,14400.000000,16502939648.000000,59410582732800.000000,i-021cff580ef932a9e,label_controller_revision_hash:7dbf69f566|label_name:node-ca|label_pod_template_generation:1
2020-10-01 00:00:00 +0000 UTC,2020-11-01 00:00:00 +0000 UTC,2020-10-14 00:00:00 +0000 UTC,2020-10-14 00:59:59 +0000 UTC,ip-10-0-147-111.us-east-2.compute.internal,openshift-ingress-operator,ingress-operator-69bdd96f9f-r7wgm,3.744278,72.000000,,300669911040.000000,150994944000.000000,,4.000000,14400.000000,16502939648.000000,59410582732800.000000,i-0dd2eab633b37c882,label_name:ingress-operator|label_pod_template_hash:69bdd96f9f
2020-10-01 00:00:00 +0000 UTC,2020-11-01 00:00:00 +0000 UTC,2020-10-14 00:00:00 +0000 UTC,2020-10-14 00:59:59 +0000 UTC,ip-10-0-179-157.us-east-2.compute.internal,openshift-machine-config-operator,machine-config-daemon-fcccn,3.184213,144.000000,,1220974510080.000000,377487360000.000000,,8.000000,28800.000000,33237319680.000000,119654350848000.000000,i-0767cb7e2f9967573,label_controller_revision_hash:545894cd9f|label_k8s_app:machine-config-daemon|label_pod_template_generation:2
2020-10-01 00:00:00 +0000 UTC,2020-11-01 00:00:00 +0000 UTC,2020-10-14 00:00:00 +0000 UTC,2020-10-14 00:59:59 +0000 UTC,ip-10-0-147-111.us-east-2.compute.internal,openshift-machine-config-operator,machine-config-server-ws5gt,27.108616,72.000000,,126089625600.000000,188743680000.000000,,4.000000,14400.000000,16502939648.000000,59410582732800.000000,i-0dd2eab633b37c882,label_controller_revision_hash:6c8568b9d|label_k8s_app:machine-config-server|label_pod_template_generation:2
2020-10-01 00:00:00 +0000 UTC,2020-11-01 00:00:00 +0000 UTC,2020-10-14 00:00:00 +0000 UTC,2020-10-14 00:59:59 +0000 UTC,ip-10-0-184-8.us-east-2.compute.internal,openshift-operator-lifecycle-manager,packageserver-5477bc448-b9xkl,25.876058,36.000000,,560169369600.000000,188743680000.000000,,4.000000,14400.000000,16326778880.000000,58776403968000.000000,i-0c65e015390b20c42,label_app:packageserver|label_pod_template_hash:5477bc448
2020-10-01 00:00:00 +0000 UTC,2020-11-01 00:00:00 +0000 UTC,2020-10-14 00:00:00 +0000 UTC,2020-10-14 00:59:59 +0000 UTC,ip-10-0-147-111.us-east-2.compute.internal,openshift-machine-config-operator,machine-config-daemon-qn8mk,3.145272,144.000000,,1018552320000.000000,377487360000.000000,,4.000000,14400.000000,16502939648.000000,59410582732800.000000,i-0dd2eab633b37c882,label_controller_revision_hash:545894cd9f|label_k8s_app:machine-config-daemon|label_pod_template_generation:2
2020-10-01 00:00:00 +0000 UTC,2020-11-01 00:00:00 +0000 UTC,2020-10-14 00:00:00 +0000 UTC,2020-10-14 00:59:59 +0000 UTC,ip-10-0-131-45.us-east-2.compute.internal,openshift-sdn,ovs-jwhlc,94.215259,360.000000,,474057768960.000000,1509949440000.000000,,8.000000,28800.000000,33237319680.000000,119654350848000.000000,i-0cc922391a4a5eaa7,label_app:ovs|label_component:network|label_controller_revision_hash:78749b5864|label_openshift_io_component:network|label_pod_template_generation:1|label_type:infra
2020-10-01 00:00:00 +0000 UTC,2020-11-01 00:00:00 +0000 UTC,2020-10-14 00:00:00 +0000 UTC,2020-10-14 00:59:59 +0000 UTC,ip-10-0-147-111.us-east-2.compute.internal,openshift-kube-controller-manager,kube-controller-manager-ip-10-0-147-111.us-east-2.compute.internal,82.622568,360.000000,,1503533383680.000000,1887436800000.000000,,4.000000,14400.000000,16502939648.000000,59410582732800.000000,i-0dd2eab633b37c882,label_app:kube-controller-manager|label_kube_controller_manager:true|label_revision:10
2020-10-01 00:00:00 +0000 UTC,2020-11-01 00:00:00 +0000 UTC,2020-10-14 00:00:00 +0000 UTC,2020-10-14 00:59:59 +0000 UTC,ip-10-0-179-157.us-east-2.compute.internal,openshift-metering,hive-server-0,8.921223,1800.000000,3600.000000,1769480355840.000000,1887436800000.000000,3865470566400.000000,8.000000,28800.000000,33237319680.000000,119654350848000.000000,i-0767cb7e2f9967573,label_app:hive|label_controller_revision_hash:hive-server-6b456699c5|label_hive:server|label_statefulset_kubernetes_io_pod_name:hive-server-0
2020-10-01 00:00:00 +0000 UTC,2020-11-01 00:00:00 +0000 UTC,2020-10-14 00:00:00 +0000 UTC,2020-10-14 00:59:59 +0000 UTC,ip-10-0-147-111.us-east-2.compute.internal,openshift-machine-api,machine-api-operator-6c6759cfd4-8zgck,1.929949,72.000000,,239763456000.000000,264241152000.000000,,4.000000,14400.000000,16502939648.000000,59410582732800.000000,i-0dd2eab633b37c882,label_k8s_app:machine-api-operator|label_pod_template_hash:6c6759cfd4
2020-10-01 00:00:00 +0000 UTC,2020-11-01 00:00:00 +0000 UTC,2020-10-14 00:00:00 +0000 UTC,2020-10-14 00:59:59 +0000 UTC,ip-10-0-131-45.us-east-2.compute.internal,openshift-cluster-storage-operator,csi-snapshot-controller-operator-5cc45f85dd-kzpp9,7.146904,36.000000,,314006077440.000000,188743680000.000000,,8.000000,28800.000000,33237319680.000000,119654350848000.000000,i-0cc922391a4a5eaa7,label_app:csi-snapshot-controller-operator|label_pod_template_hash:5cc45f85dd
2020-10-01 00:00:00 +0000 UTC,2020-11-01 00:00:00 +0000 UTC,2020-10-14 00:00:00 +0000 UTC,2020-10-14 00:59:59 +0000 UTC,ip-10-0-131-45.us-east-2.compute.internal,openshift-kube-storage-version-migrator,migrator-6fcf5f5769-4mhks,0.521646,360.000000,,124039987200.000000,754974720000.000000,,8.000000,28800.000000,33237319680.000000,119654350848000.000000,i-0cc922391a4a5eaa7,label_app:migrator|label_pod_template_hash:6fcf5f5769
2020-10-01 00:00:00 +0000 UTC,2020-11-01 00:00:00 +0000 UTC,2020-10-14 00:00:00 +0000 UTC,2020-10-14 00:59:59 +0000 UTC,ip-10-0-147-111.us-east-2.compute.internal,openshift-sdn,ovs-njgql,63.636975,360.000000,,329729310720.000000,1509949440000.000000,,4.000000,14400.000000,16502939648.000000,59410582732800.000000,i-0dd2eab633b37c882,label_app:ovs|label_component:network|label_controller_revision_hash:78749b5864|label_openshift_io_component:network|label_pod_template_generation:1|label_type:infra
2020-10-01 00:00:00 +0000 UTC,2020-11-01 00:00:00 +0000 UTC,2020-10-14 00:00:00 +0000 UTC,2020-10-14 00:59:59 +0000 UTC,ip-10-0-179-157.us-east-2.compute.internal,openshift-cluster-node-tuning-operator,tuned-n46xc,0.738669,36.000000,,286138368000.000000,188743680000.000000,,8.000000,28800.000000,33237319680.000000,119654350848000.000000,i-0767cb7e2f9967573,label_controller_revision_hash:b66dccb99|label_openshift_app:tuned|label_pod_template_generation:2
2020-10-01 00:00:00 +0000 UTC,2020-11-01 00:00:00 +0000 UTC,2020-10-14 00:00:00 +0000 UTC,2020-10-14 00:59:59 +0000 UTC,ip-10-0-131-45.us-east-2.compute.internal,openshift-monitoring,prometheus-k8s-1,423.178942,273.600000,,12503166812160.000000,4469450342400.000000,,8.000000,28800.000000,33237319680.000000,119654350848000.000000,i-0cc922391a4a5eaa7,label_app:prometheus|label_controller_revision_hash:prometheus-k8s-b8948fdbf|label_prometheus:k8s|label_statefulset_kubernetes_io_pod_name:prometheus-k8s-1
2020-10-01 00:00:00 +0000 UTC,2020-11-01 00:00:00 +0000 UTC,2020-10-14 00:00:00 +0000 UTC,2020-10-14 00:59:59 +0000 UTC,ip-10-0-184-8.us-east-2.compute.internal,openshift-kube-scheduler,revision-pruner-10-ip-10-0-184-8.us-east-2.compute.internal,,540.000000,540.000000,,360000000000.000000,360000000000.000000,4.000000,14400.000000,16326778880.000000,58776403968000.000000,i-0c65e015390b20c42,label_app:pruner
2020-10-01 00:00:00 +0000 UTC,2020-11-01 00:00:00 +0000 UTC,2020-10-14 00:00:00 +0000 UTC,2020-10-14 00:59:59 +0000 UTC,ip-10-0-147-111.us-east-2.compute.internal,openshift-kube-scheduler,openshift-kube-scheduler-ip-10-0-147-111.us-east-2.compute.internal,10.992623,72.000000,,505642352640.000000,377487360000.000000,,4.000000,14400.000000,16502939648.000000,59410582732800.000000,i-0dd2eab633b37c882,label_app:openshift-kube-scheduler|label_revision:10|label_scheduler:true
2020-10-01 00:00:00 +0000 UTC,2020-11-01 00:00:00 +0000 UTC,2020-10-14 00:00:00 +0000 UTC,2020-10-14 00:59:59 +0000 UTC,ip-10-0-184-8.us-east-2.compute.internal,openshift-image-registry,node-ca-xtr4l,0.958030,36.000000,,11482398720.000000,37748736000.000000,,4.000000,14400.000000,16326778880.000000,58776403968000.000000,i-0c65e015390b20c42,label_controller_revision_hash:7dbf69f566|label_name:node-ca|label_pod_template_generation:1
2020-10-01 00:00:00 +0000 UTC,2020-11-01 00:00:00 +0000 UTC,2020-10-14 00:00:00 +0000 UTC,2020-10-14 00:59:59 +0000 UTC,ip-10-0-184-8.us-east-2.compute.internal,openshift-kube-apiserver,revision-pruner-6-ip-10-0-184-8.us-east-2.compute.internal,,540.000000,540.000000,,360000000000.000000,360000000000.000000,4.000000,14400.000000,16326778880.000000,58776403968000.000000,i-0c65e015390b20c42,label_app:pruner
2020-10-01 00:00:00 +0000 UTC,2020-11-01 00:00:00 +0000 UTC,2020-10-14 00:00:00 +0000 UTC,2020-10-14 00:59:59 +0000 UTC,ip-10-0-179-157.us-east-2.compute.internal,openshift-multus,multus-wgj4x,3.986577,36.000000,,19570114560.000000,566231040000.000000,,8.000000,28800.000000,33237319680.000000,119654350848000.000000,i-0767cb7e2f9967573,label_app:multus|label_component:network|label_controller_revision_hash:55fc749f48|label_openshift_io_component:network|label_pod_template_generation:1|label_type:infra
2020-10-01 00:00:00 +0000 UTC,2020-11-01 00:00:00 +0000 UTC,2020-10-14 00:00:00 +0000 UTC,2020-10-14 00:59:59 +0000 UTC,ip-10-0-219-114.us-east-2.compute.internal,openshift-kube-apiserver-operator,kube-apiserver-operator-54fcf88f5b-q7glz,62.302862,36.000000,,291389521920.000000,188743680000.000000,,4.000000,14400.000000,16502939648.000000,59410582732800.000000,i-021cff580ef932a9e,label_app:kube-apiserver-operator|label_pod_template_hash:54fcf88f5b
2020-10-01 00:00:00 +0000 UTC,2020-11-01 00:00:00 +0000 UTC,2020-10-14 00:00:00 +0000 UTC,2020-10-14 00:59:59 +0000 UTC,ip-10-0-147-111.us-east-2.compute.internal,openshift-dns-operator,dns-operator-7b6686b6b5-x8rpz,1.883544,72.000000,,254502174720.000000,150994944000.000000,,4.000000,14400.000000,16502939648.000000,59410582732800.000000,i-0dd2eab633b37c882,label_name:dns-operator|label_pod_template_hash:7b6686b6b5
2020-10-01 00:00:00 +0000 UTC,2020-11-01 00:00:00 +0000 UTC,2020-10-14 00:00:00 +0000 UTC,2020-10-14 00:59:59 +0000 UTC,ip-10-0-184-8.us-east-2.compute.internal,openshift-multus,multus-q4jz5,4.152623,36.000000,,13432258560.000000,566231040000.000000,,4.000000,14400.000000,16326778880.000000,58776403968000.000000,i-0c65e015390b20c42,label_app:multus|label_component:network|label_controller_revision_hash:55fc749f48|label_openshift_io_component:network|label_pod_template_generation:1|label_type:infra
2020-10-01 00:00:00 +0000 UTC,2020-11-01 00:00:00 +0000 UTC,2020-10-14 00:00:00 +0000 UTC,2020-10-14 00:59:59 +0000 UTC,ip-10-0-219-114.us-east-2.compute.internal,openshift-controller-manager-operator,openshift-controller-manager-operator-7b489577b8-ql4hb,10.449847,36.000000,,332619448320.000000,188743680000.000000,,4.000000,14400.000000,16502939648.000000,59410582732800.000000,i-021cff580ef932a9e,label_app:openshift-controller-manager-operator|label_pod_template_hash:7b489577b8
2020-10-01 00:00:00 +0000 UTC,2020-11-01 00:00:00 +0000 UTC,2020-10-14 00:00:00 +0000 UTC,2020-10-14 00:59:59 +0000 UTC,ip-10-0-219-114.us-east-2.compute.internal,openshift-cluster-machine-approver,machine-approver-c4b8b8c85-wc5f8,1.682928,72.000000,,258544435200.000000,264241152000.000000,,4.000000,14400.000000,16502939648.000000,59410582732800.000000,i-021cff580ef932a9e,label_app:machine-approver|label_pod_template_hash:c4b8b8c85
2020-10-01 00:00:00 +0000 UTC,2020-11-01 00:00:00 +0000 UTC,2020-10-14 00:00:00 +0000 UTC,2020-10-14 00:59:59 +0000 UTC,ip-10-0-219-114.us-east-2.compute.internal,openshift-machine-config-operator,machine-config-daemon-vnjp9,3.143621,144.000000,,1170938265600.000000,377487360000.000000,,4.000000,14400.000000,16502939648.000000,59410582732800.000000,i-021cff580ef932a9e,label_controller_revision_hash:545894cd9f|label_k8s_app:machine-config-daemon|label_pod_template_generation:2
2020-10-01 00:00:00 +0000 UTC,2020-11-01 00:00:00 +0000 UTC,2020-10-14 00:00:00 +0000 UTC,2020-10-14 00:59:59 +0000 UTC,ip-10-0-219-114.us-east-2.compute.internal,openshift-monitoring,node-exporter-t95zv,34.055059,32.400000,,172578078720.000000,792723456000.000000,,4.000000,14400.000000,16502939648.000000,59410582732800.000000,i-021cff580ef932a9e,label_app:node-exporter|label_controller_revision_hash:664bff5786|label_pod_template_generation:1
2020-10-01 00:00:00 +0000 UTC,2020-11-01 00:00:00 +0000 UTC,2020-10-14 00:00:00 +0000 UTC,2020-10-14 00:59:59 +0000 UTC,ip-10-0-179-157.us-east-2.compute.internal,default,pod-sio-small,0.009961,,,22162636800.000000,,,8.000000,28800.000000,33237319680.000000,119654350848000.000000,i-0767cb7e2f9967573,
2020-10-01 00:00:00 +0000 UTC,2020-11-01 00:00:00 +0000 UTC,2020-10-14 00:00:00 +0000 UTC,2020-10-14 00:59:59 +0000 UTC,ip-10-0-219-114.us-east-2.compute.internal,openshift-machine-config-operator,machine-config-server-2khhl,27.587442,72.000000,,121562726400.000000,188743680000.000000,,4.000000,14400.000000,16502939648.000000,59410582732800.000000,i-021cff580ef932a9e,label_controller_revision_hash:6c8568b9d|label_k8s_app:machine-config-server|label_pod_template_generation:2
2020-10-01 00:00:00 +0000 UTC,2020-11-01 00:00:00 +0000 UTC,2020-10-14 00:00:00 +0000 UTC,2020-10-14 00:59:59 +0000 UTC,ip-10-0-131-45.us-east-2.compute.internal,openshift-image-registry,image-registry-69d597c6f5-f7grb,4.078589,360.000000,,156803235840.000000,966367641600.000000,,8.000000,28800.000000,33237319680.000000,119654350848000.000000,i-0cc922391a4a5eaa7,label_docker_registry:default|label_pod_template_hash:69d597c6f5
2020-10-01 00:00:00 +0000 UTC,2020-11-01 00:00:00 +0000 UTC,2020-10-14 00:00:00 +0000 UTC,2020-10-14 00:59:59 +0000 UTC,ip-10-0-147-111.us-east-2.compute.internal,openshift-sdn,sdn-82248,27.871924,360.000000,,379018199040.000000,754974720000.000000,,4.000000,14400.000000,16502939648.000000,59410582732800.000000,i-0dd2eab633b37c882,label_app:sdn|label_component:network|label_controller_revision_hash:595c645574|label_openshift_io_component:network|label_pod_template_generation:1|label_type:infra
2020-10-01 00:00:00 +0000 UTC,2020-11-01 00:00:00 +0000 UTC,2020-10-14 00:00:00 +0000 UTC,2020-10-14 00:59:59 +0000 UTC,ip-10-0-131-45.us-east-2.compute.internal,openshift-image-registry,node-ca-rdmdj,0.879631,36.000000,,22332702720.000000,37748736000.000000,,8.000000,28800.000000,33237319680.000000,119654350848000.000000,i-0cc922391a4a5eaa7,label_controller_revision_hash:7dbf69f566|label_name:node-ca|label_pod_template_generation:1
2020-10-01 00:00:00 +0000 UTC,2020-11-01 00:00:00 +0000 UTC,2020-10-14 00:00:00 +0000 UTC,2020-10-14 00:59:59 +0000 UTC,ip-10-0-184-8.us-east-2.compute.internal,openshift-kube-scheduler,openshift-kube-scheduler-ip-10-0-184-8.us-east-2.compute.internal,10.937575,72.000000,,495235399680.000000,377487360000.000000,,4.000000,14400.000000,16326778880.000000,58776403968000.000000,i-0c65e015390b20c42,label_app:openshift-kube-scheduler|label_revision:10|label_scheduler:true
